shift_date,shift,zone_id,zone_lat,zone_lon,predicted_EIS
2024-04-09,evening (14:00-22:00),12.975_77.575,12.975,77.575,14.41031
2024-04-09,evening (14:00-22:00),13.01_77.555,13.01,77.555,13.466151
2024-04-09,evening (14:00-22:00),12.98_77.61,12.98,77.61,12.169284
2024-04-09,evening (14:00-22:00),12.965_77.575,12.965,77.575,11.551935
2024-04-09,evening (14:00-22:00),13.185_77.68,13.185,77.68,9.798482
2024-04-09,evening (14:00-22:00),12.98_77.575,12.98,77.575,9.102764
2024-04-09,evening (14:00-22:00),12.975_77.58,12.975,77.58,6.530206
2024-04-09,evening (14:00-22:00),12.935_77.615,12.935,77.615,6.265665
2024-04-09,evening (14:00-22:00),12.975_77.55,12.975,77.55,5.739317
2024-04-09,evening (14:00-22:00),13.01_77.695,13.01,77.695,5.021186
2024-04-09,evening (14:00-22:00),13.0_77.55,13.0,77.55,4.5060525
2024-04-09,evening (14:00-22:00),12.96_77.58,12.96,77.58,4.496308
2024-04-09,evening (14:00-22:00),12.99_77.555,12.99,77.555,4.2549663
2024-04-09,evening (14:00-22:00),12.985_77.61,12.985,77.61,4.099776
2024-04-09,evening (14:00-22:00),12.935_77.69,12.935,77.69,4.0751915
2024-04-09,evening (14:00-22:00),13.07_77.59,13.07,77.59,3.9639158
2024-04-09,evening (14:00-22:00),12.995_77.695,12.995,77.695,3.6912751
2024-04-09,evening (14:00-22:00),12.84_77.645,12.84,77.645,3.442251
2024-04-09,evening (14:00-22:00),12.96_77.575,12.96,77.575,3.270712
2024-04-09,evening (14:00-22:00),12.985_77.605,12.985,77.605,3.205488
2024-04-09,evening (14:00-22:00),12.995_77.67,12.995,77.67,3.2007625
2024-04-09,evening (14:00-22:00),12.98_77.605,12.98,77.605,3.0248377
2024-04-09,evening (14:00-22:00),13.01_77.55,13.01,77.55,2.935882
2024-04-09,evening (14:00-22:00),12.95_77.7,12.95,77.7,2.6960268
2024-04-09,evening (14:00-22:00),12.965_77.58,12.965,77.58,2.6158955
2024-04-09,evening (14:00-22:00),12.965_77.585,12.965,77.585,2.563726
2024-04-09,evening (14:00-22:00),12.975_77.545,12.975,77.545,2.5400844
2024-04-09,evening (14:00-22:00),12.945_77.57,12.945,77.57,2.5318332
2024-04-09,evening (14:00-22:00),12.98_77.58,12.98,77.58,2.3995528
2024-04-09,evening (14:00-22:00),13.0_77.57,13.0,77.57,2.2649286
2024-04-09,evening (14:00-22:00),12.97_77.575,12.97,77.575,2.2135177
2024-04-09,evening (14:00-22:00),12.94_77.695,12.94,77.695,2.20521
2024-04-09,evening (14:00-22:00),12.965_77.54,12.965,77.54,2.1056085
2024-04-09,evening (14:00-22:00),13.035_77.59,13.035,77.59,2.0702484
2024-04-09,evening (14:00-22:00),13.005_77.57,13.005,77.57,2.0687008
2024-04-09,evening (14:00-22:00),12.985_77.555,12.985,77.555,2.0471132
2024-04-09,evening (14:00-22:00),13.05_77.575,13.05,77.575,1.9262155
2024-04-09,evening (14:00-22:00),13.0_77.675,13.0,77.675,1.8201916
2024-04-09,evening (14:00-22:00),12.995_77.66,12.995,77.66,1.7838434
2024-04-09,evening (14:00-22:00),12.97_77.58,12.97,77.58,1.743007
2024-04-09,evening (14:00-22:00),12.975_77.56,12.975,77.56,1.7238629
2024-04-09,evening (14:00-22:00),13.0_77.555,13.0,77.555,1.5972009
2024-04-09,evening (14:00-22:00),12.975_77.57,12.975,77.57,1.5666709
2024-04-09,evening (14:00-22:00),12.995_77.555,12.995,77.555,1.4856291
2024-04-09,evening (14:00-22:00),12.98_77.6,12.98,77.6,1.3343407
2024-04-09,evening (14:00-22:00),12.955_77.545,12.955,77.545,1.2386863
2024-04-09,evening (14:00-22:00),12.94_77.585,12.94,77.585,1.218318
2024-04-09,evening (14:00-22:00),13.015_77.555,13.015,77.555,1.2181351
2024-04-09,evening (14:00-22:00),12.995_77.57,12.995,77.57,1.2178875
2024-04-09,evening (14:00-22:00),13.01_77.57,13.01,77.57,1.1567285
2024-04-09,evening (14:00-22:00),12.99_77.55,12.99,77.55,1.1505305
2024-04-09,evening (14:00-22:00),12.93_77.685,12.93,77.685,1.1299146
2024-04-09,evening (14:00-22:00),12.93_77.585,12.93,77.585,1.0706737
2024-04-09,evening (14:00-22:00),12.93_77.58,12.93,77.58,1.059072
2024-04-09,evening (14:00-22:00),12.905_77.63,12.905,77.63,1.0479709
2024-04-09,evening (14:00-22:00),13.02_77.53,13.02,77.53,0.98370254
2024-04-09,evening (14:00-22:00),12.995_77.55,12.995,77.55,0.9543613
2024-04-09,evening (14:00-22:00),13.005_77.55,13.005,77.55,0.84608567
2024-04-09,evening (14:00-22:00),12.96_77.53,12.96,77.53,0.8063795
2024-04-09,evening (14:00-22:00),12.97_77.535,12.97,77.535,0.75807333
2024-04-09,evening (14:00-22:00),12.97_77.6,12.97,77.6,0.74531645
2024-04-09,evening (14:00-22:00),12.965_77.72,12.965,77.72,0.7052771
2024-04-09,evening (14:00-22:00),12.945_77.595,12.945,77.595,0.6708558
2024-04-09,evening (14:00-22:00),12.995_77.665,12.995,77.665,0.627436
2024-04-09,evening (14:00-22:00),12.99_77.59,12.99,77.59,0.6207663
2024-04-09,evening (14:00-22:00),13.025_77.585,13.025,77.585,0.61254823
2024-04-09,evening (14:00-22:00),12.99_77.575,12.99,77.575,0.6108685
2024-04-09,evening (14:00-22:00),12.925_77.585,12.925,77.585,0.61004394
2024-04-09,evening (14:00-22:00),13.045_77.575,13.045,77.575,0.5951769
2024-04-09,evening (14:00-22:00),12.97_77.64,12.97,77.64,0.5574499
2024-04-09,evening (14:00-22:00),13.005_77.685,13.005,77.685,0.5483329
2024-04-09,evening (14:00-22:00),12.985_77.55,12.985,77.55,0.53739685
2024-04-09,evening (14:00-22:00),12.925_77.68,12.925,77.68,0.53485256
2024-04-09,evening (14:00-22:00),13.0_77.61,13.0,77.61,0.51176614
2024-04-09,evening (14:00-22:00),12.965_77.64,12.965,77.64,0.4994827
2024-04-09,evening (14:00-22:00),12.99_77.54,12.99,77.54,0.48433656
2024-04-09,evening (14:00-22:00),12.9_77.675,12.9,77.675,0.48429567
2024-04-09,evening (14:00-22:00),12.97_77.645,12.97,77.645,0.48213455
2024-04-09,evening (14:00-22:00),12.915_77.635,12.915,77.635,0.4819888
2024-04-09,evening (14:00-22:00),12.965_77.535,12.965,77.535,0.47751927
2024-04-09,evening (14:00-22:00),12.965_77.555,12.965,77.555,0.4730756
2024-04-09,evening (14:00-22:00),12.975_77.61,12.975,77.61,0.46899703
2024-04-09,evening (14:00-22:00),12.91_77.635,12.91,77.635,0.46510482
2024-04-09,evening (14:00-22:00),12.955_77.585,12.955,77.585,0.46444035
2024-04-09,evening (14:00-22:00),12.985_77.6,12.985,77.6,0.4613573
2024-04-09,evening (14:00-22:00),12.98_77.615,12.98,77.615,0.46101132
2024-04-09,evening (14:00-22:00),12.975_77.62,12.975,77.62,0.45047346
2024-04-09,evening (14:00-22:00),12.935_77.585,12.935,77.585,0.44558513
2024-04-09,evening (14:00-22:00),12.97_77.66,12.97,77.66,0.4391793
2024-04-09,evening (14:00-22:00),12.99_77.6,12.99,77.6,0.43504846
2024-04-09,evening (14:00-22:00),13.19_77.645,13.19,77.645,0.4327888
2024-04-09,evening (14:00-22:00),12.925_77.675,12.925,77.675,0.42827854
2024-04-09,evening (14:00-22:00),12.975_77.615,12.975,77.615,0.42704913
2024-04-09,evening (14:00-22:00),12.96_77.51,12.96,77.51,0.42236316
2024-04-09,evening (14:00-22:00),13.03_77.54,13.03,77.54,0.4219051
2024-04-09,evening (14:00-22:00),12.975_77.625,12.975,77.625,0.41745517
2024-04-09,evening (14:00-22:00),12.89_77.64,12.89,77.64,0.41692403
2024-04-09,evening (14:00-22:00),12.91_77.64,12.91,77.64,0.40357086
2024-04-09,evening (14:00-22:00),13.0_77.54,13.0,77.54,0.39221823
2024-04-09,evening (14:00-22:00),12.985_77.58,12.985,77.58,0.38571665
2024-04-09,evening (14:00-22:00),13.07_77.585,13.07,77.585,0.37464252
2024-04-09,evening (14:00-22:00),12.925_77.62,12.925,77.62,0.3658758
2024-04-09,evening (14:00-22:00),12.98_77.555,12.98,77.555,0.3438091
2024-04-09,evening (14:00-22:00),12.995_77.615,12.995,77.615,0.32873628
2024-04-09,evening (14:00-22:00),12.96_77.7,12.96,77.7,0.32840487
2024-04-09,evening (14:00-22:00),12.96_77.65,12.96,77.65,0.32330197
2024-04-09,evening (14:00-22:00),12.975_77.54,12.975,77.54,0.31875262
2024-04-09,evening (14:00-22:00),12.93_77.68,12.93,77.68,0.31105113
2024-04-09,evening (14:00-22:00),12.97_77.595,12.97,77.595,0.30563086
2024-04-09,evening (14:00-22:00),12.96_77.715,12.96,77.715,0.30312923
2024-04-09,evening (14:00-22:00),12.995_77.565,12.995,77.565,0.30161527
2024-04-09,evening (14:00-22:00),12.97_77.605,12.97,77.605,0.29436278
2024-04-09,evening (14:00-22:00),12.94_77.7,12.94,77.7,0.2773583
2024-04-09,evening (14:00-22:00),13.03_77.575,13.03,77.575,0.27611515
2024-04-09,evening (14:00-22:00),12.91_77.6,12.91,77.6,0.27003518
2024-04-09,evening (14:00-22:00),12.96_77.585,12.96,77.585,0.2656028
2024-04-09,evening (14:00-22:00),12.97_77.59,12.97,77.59,0.26265058
2024-04-09,evening (14:00-22:00),12.95_77.54,12.95,77.54,0.25695702
2024-04-09,evening (14:00-22:00),13.03_77.535,13.03,77.535,0.25488666
2024-04-09,evening (14:00-22:00),12.985_77.575,12.985,77.575,0.25384688
2024-04-09,evening (14:00-22:00),12.98_77.695,12.98,77.695,0.2520319
2024-04-09,evening (14:00-22:00),12.885_77.64,12.885,77.64,0.25039867
2024-04-09,evening (14:00-22:00),12.87_77.655,12.87,77.655,0.24027802
2024-04-09,evening (14:00-22:00),13.065_77.59,13.065,77.59,0.23073702
2024-04-09,evening (14:00-22:00),13.05_77.595,13.05,77.595,0.22884567
2024-04-09,evening (14:00-22:00),12.96_77.6,12.96,77.6,0.22833714
2024-04-09,evening (14:00-22:00),12.96_77.645,12.96,77.645,0.22816353
2024-04-09,evening (14:00-22:00),12.995_77.59,12.995,77.59,0.22100362
2024-04-09,evening (14:00-22:00),12.955_77.7,12.955,77.7,0.21734999
2024-04-09,evening (14:00-22:00),12.98_77.56,12.98,77.56,0.2148175
2024-04-09,evening (14:00-22:00),13.19_77.68,13.19,77.68,0.20530747
2024-04-09,evening (14:00-22:00),12.97_77.62,12.97,77.62,0.20345154
2024-04-09,evening (14:00-22:00),12.915_77.575,12.915,77.575,0.20191327
2024-04-09,evening (14:00-22:00),12.99_77.57,12.99,77.57,0.19910754
2024-04-09,evening (14:00-22:00),13.0_77.68,13.0,77.68,0.19735064
2024-04-09,evening (14:00-22:00),12.97_77.71,12.97,77.71,0.19224447
2024-04-09,evening (14:00-22:00),12.995_77.61,12.995,77.61,0.19166556
2024-04-09,evening (14:00-22:00),12.98_77.64,12.98,77.64,0.18769869
2024-04-09,evening (14:00-22:00),12.875_77.595,12.875,77.595,0.17348754
2024-04-09,evening (14:00-22:00),12.975_77.59,12.975,77.59,0.16082971
2024-04-09,evening (14:00-22:00),12.93_77.69,12.93,77.69,0.1578095
2024-04-09,evening (14:00-22:00),13.095_77.6,13.095,77.6,0.1569437
2024-04-09,evening (14:00-22:00),12.895_77.635,12.895,77.635,0.14649084
2024-04-09,evening (14:00-22:00),13.095_77.595,13.095,77.595,0.14315319
2024-04-09,evening (14:00-22:00),13.035_77.625,13.035,77.625,0.1279113
2024-04-09,evening (14:00-22:00),12.97_77.545,12.97,77.545,0.120356336
2024-04-09,evening (14:00-22:00),12.915_77.605,12.915,77.605,0.11474799
2024-04-09,evening (14:00-22:00),12.965_77.715,12.965,77.715,0.10786624
2024-04-09,evening (14:00-22:00),12.945_77.7,12.945,77.7,0.08442559
2024-04-09,evening (14:00-22:00),12.96_77.595,12.96,77.595,0.07403166
2024-04-09,morning (06:00-14:00),12.98_77.61,12.98,77.61,383.78055
2024-04-09,morning (06:00-14:00),12.975_77.58,12.975,77.58,311.5391
2024-04-09,morning (06:00-14:00),12.975_77.575,12.975,77.575,254.54054
2024-04-09,morning (06:00-14:00),12.98_77.575,12.98,77.575,235.08412
2024-04-09,morning (06:00-14:00),13.01_77.555,13.01,77.555,197.11899
2024-04-09,morning (06:00-14:00),13.0_77.55,13.0,77.55,159.991
2024-04-09,morning (06:00-14:00),12.965_77.575,12.965,77.575,157.9389
2024-04-09,morning (06:00-14:00),12.935_77.69,12.935,77.69,131.08559
2024-04-09,morning (06:00-14:00),12.985_77.61,12.985,77.61,121.015396
2024-04-09,morning (06:00-14:00),12.965_77.58,12.965,77.58,120.72897
2024-04-09,morning (06:00-14:00),13.07_77.59,13.07,77.59,118.73926
2024-04-09,morning (06:00-14:00),12.98_77.58,12.98,77.58,115.42583
2024-04-09,morning (06:00-14:00),12.985_77.605,12.985,77.605,110.81272
2024-04-09,morning (06:00-14:00),12.98_77.605,12.98,77.605,110.23709
2024-04-09,morning (06:00-14:00),13.01_77.55,13.01,77.55,106.893
2024-04-09,morning (06:00-14:00),12.97_77.575,12.97,77.575,105.422066
2024-04-09,morning (06:00-14:00),12.995_77.67,12.995,77.67,96.9131
2024-04-09,morning (06:00-14:00),12.975_77.545,12.975,77.545,91.54651
2024-04-09,morning (06:00-14:00),13.185_77.68,13.185,77.68,89.98544
2024-04-09,morning (06:00-14:00),12.965_77.585,12.965,77.585,88.56845
2024-04-09,morning (06:00-14:00),13.01_77.695,13.01,77.695,85.826195
2024-04-09,morning (06:00-14:00),12.975_77.55,12.975,77.55,84.038345
2024-04-09,morning (06:00-14:00),13.0_77.57,13.0,77.57,83.22679
2024-04-09,morning (06:00-14:00),12.945_77.57,12.945,77.57,82.51075
2024-04-09,morning (06:00-14:00),12.96_77.575,12.96,77.575,72.88584
2024-04-09,morning (06:00-14:00),12.96_77.58,12.96,77.58,71.506424
2024-04-09,morning (06:00-14:00),12.94_77.695,12.94,77.695,65.27281
2024-04-09,morning (06:00-14:00),12.985_77.555,12.985,77.555,61.596222
2024-04-09,morning (06:00-14:00),12.99_77.555,12.99,77.555,61.050495
2024-04-09,morning (06:00-14:00),13.035_77.59,13.035,77.59,57.381554
2024-04-09,morning (06:00-14:00),12.935_77.615,12.935,77.615,54.754574
2024-04-09,morning (06:00-14:00),12.965_77.54,12.965,77.54,53.827274
2024-04-09,morning (06:00-14:00),13.0_77.555,13.0,77.555,51.5064
2024-04-09,morning (06:00-14:00),12.995_77.695,12.995,77.695,49.61872
2024-04-09,morning (06:00-14:00),13.0_77.675,13.0,77.675,47.186928
2024-04-09,morning (06:00-14:00),13.005_77.57,13.005,77.57,45.381733
2024-04-09,morning (06:00-14:00),13.02_77.53,13.02,77.53,42.69433
2024-04-09,morning (06:00-14:00),12.995_77.555,12.995,77.555,41.760815
2024-04-09,morning (06:00-14:00),12.995_77.57,12.995,77.57,40.689804
2024-04-09,morning (06:00-14:00),12.975_77.57,12.975,77.57,39.315304
2024-04-09,morning (06:00-14:00),12.98_77.6,12.98,77.6,39.308968
2024-04-09,morning (06:00-14:00),12.84_77.645,12.84,77.645,39.04027
2024-04-09,morning (06:00-14:00),12.975_77.56,12.975,77.56,38.722816
2024-04-09,morning (06:00-14:00),13.015_77.555,13.015,77.555,38.51966
2024-04-09,morning (06:00-14:00),12.93_77.685,12.93,77.685,38.44867
2024-04-09,morning (06:00-14:00),12.99_77.55,12.99,77.55,38.384964
2024-04-09,morning (06:00-14:00),12.95_77.7,12.95,77.7,37.685837
2024-04-09,morning (06:00-14:00),12.955_77.545,12.955,77.545,36.07416
2024-04-09,morning (06:00-14:00),12.93_77.585,12.93,77.585,34.197712
2024-04-09,morning (06:00-14:00),12.905_77.63,12.905,77.63,34.054012
2024-04-09,morning (06:00-14:00),12.97_77.58,12.97,77.58,33.964775
2024-04-09,morning (06:00-14:00),13.01_77.57,13.01,77.57,32.92361
2024-04-09,morning (06:00-14:00),12.97_77.535,12.97,77.535,31.229939
2024-04-09,morning (06:00-14:00),12.995_77.55,12.995,77.55,31.146488
2024-04-09,morning (06:00-14:00),12.94_77.585,12.94,77.585,30.883024
2024-04-09,morning (06:00-14:00),12.99_77.59,12.99,77.59,30.523958
2024-04-09,morning (06:00-14:00),12.97_77.6,12.97,77.6,29.921509
2024-04-09,morning (06:00-14:00),12.99_77.575,12.99,77.575,28.813309
2024-04-09,morning (06:00-14:00),13.005_77.55,13.005,77.55,28.811954
2024-04-09,morning (06:00-14:00),12.93_77.58,12.93,77.58,28.325941
2024-04-09,morning (06:00-14:00),12.955_77.585,12.955,77.585,25.267666
2024-04-09,morning (06:00-14:00),12.965_77.535,12.965,77.535,23.23553
2024-04-09,morning (06:00-14:00),12.975_77.615,12.975,77.615,22.331623
2024-04-09,morning (06:00-14:00),12.925_77.585,12.925,77.585,22.206026
2024-04-09,morning (06:00-14:00),12.965_77.64,12.965,77.64,21.636608
2024-04-09,morning (06:00-14:00),12.925_77.675,12.925,77.675,21.351654
2024-04-09,morning (06:00-14:00),12.965_77.555,12.965,77.555,21.229193
2024-04-09,morning (06:00-14:00),12.99_77.6,12.99,77.6,21.155657
2024-04-09,morning (06:00-14:00),12.98_77.615,12.98,77.615,20.834145
2024-04-09,morning (06:00-14:00),12.985_77.55,12.985,77.55,20.535826
2024-04-09,morning (06:00-14:00),13.19_77.645,13.19,77.645,20.464703
2024-04-09,morning (06:00-14:00),12.99_77.54,12.99,77.54,19.9863
2024-04-09,morning (06:00-14:00),12.97_77.645,12.97,77.645,19.647394
2024-04-09,morning (06:00-14:00),12.97_77.66,12.97,77.66,19.354263
2024-04-09,morning (06:00-14:00),12.985_77.6,12.985,77.6,19.185244
2024-04-09,morning (06:00-14:00),12.96_77.7,12.96,77.7,18.660698
2024-04-09,morning (06:00-14:00),13.005_77.685,13.005,77.685,18.467834
2024-04-09,morning (06:00-14:00),12.96_77.53,12.96,77.53,18.23219
2024-04-09,morning (06:00-14:00),13.0_77.54,13.0,77.54,17.943195
2024-04-09,morning (06:00-14:00),12.96_77.585,12.96,77.585,17.547836
2024-04-09,morning (06:00-14:00),12.98_77.695,12.98,77.695,17.404522
2024-04-09,morning (06:00-14:00),12.925_77.62,12.925,77.62,17.198843
2024-04-09,morning (06:00-14:00),12.995_77.615,12.995,77.615,16.770823
2024-04-09,morning (06:00-14:00),12.955_77.7,12.955,77.7,16.658438
2024-04-09,morning (06:00-14:00),13.05_77.575,13.05,77.575,16.313873
2024-04-09,morning (06:00-14:00),13.025_77.585,13.025,77.585,16.151579
2024-04-09,morning (06:00-14:00),12.975_77.62,12.975,77.62,16.148594
2024-04-09,morning (06:00-14:00),12.985_77.58,12.985,77.58,16.107918
2024-04-09,morning (06:00-14:00),12.965_77.72,12.965,77.72,15.982361
2024-04-09,morning (06:00-14:00),12.96_77.645,12.96,77.645,15.742242
2024-04-09,morning (06:00-14:00),12.995_77.59,12.995,77.59,14.920947
2024-04-09,morning (06:00-14:00),12.925_77.68,12.925,77.68,14.796496
2024-04-09,morning (06:00-14:00),12.98_77.555,12.98,77.555,14.7138
2024-04-09,morning (06:00-14:00),12.945_77.595,12.945,77.595,14.694852
2024-04-09,morning (06:00-14:00),13.03_77.575,13.03,77.575,14.409768
2024-04-09,morning (06:00-14:00),12.96_77.65,12.96,77.65,13.978301
2024-04-09,morning (06:00-14:00),12.91_77.64,12.91,77.64,13.440928
2024-04-09,morning (06:00-14:00),12.96_77.51,12.96,77.51,13.226967
2024-04-09,morning (06:00-14:00),12.97_77.64,12.97,77.64,13.041471
2024-04-09,morning (06:00-14:00),12.97_77.605,12.97,77.605,12.87063
2024-04-09,morning (06:00-14:00),12.89_77.64,12.89,77.64,12.804116
2024-04-09,morning (06:00-14:00),12.975_77.625,12.975,77.625,12.772116
2024-04-09,morning (06:00-14:00),13.07_77.585,13.07,77.585,12.622233
2024-04-09,morning (06:00-14:00),13.0_77.61,13.0,77.61,12.42095
2024-04-09,morning (06:00-14:00),12.93_77.68,12.93,77.68,12.128034
2024-04-09,morning (06:00-14:00),12.98_77.56,12.98,77.56,11.976594
2024-04-09,morning (06:00-14:00),12.93_77.69,12.93,77.69,11.9293165
2024-04-09,morning (06:00-14:00),12.97_77.59,12.97,77.59,11.740171
2024-04-09,morning (06:00-14:00),12.97_77.595,12.97,77.595,11.540668
2024-04-09,morning (06:00-14:00),12.995_77.665,12.995,77.665,11.496822
2024-04-09,morning (06:00-14:00),12.91_77.6,12.91,77.6,11.327155
2024-04-09,morning (06:00-14:00),12.96_77.715,12.96,77.715,11.16504
2024-04-09,morning (06:00-14:00),12.9_77.675,12.9,77.675,11.080875
2024-04-09,morning (06:00-14:00),13.03_77.535,13.03,77.535,10.731932
2024-04-09,morning (06:00-14:00),12.975_77.61,12.975,77.61,10.2914715
2024-04-09,morning (06:00-14:00),12.91_77.635,12.91,77.635,10.100244
2024-04-09,morning (06:00-14:00),12.94_77.7,12.94,77.7,10.001447
2024-04-09,morning (06:00-14:00),13.045_77.575,13.045,77.575,9.936356
2024-04-09,morning (06:00-14:00),12.87_77.655,12.87,77.655,9.88804
2024-04-09,morning (06:00-14:00),12.975_77.59,12.975,77.59,9.465888
2024-04-09,morning (06:00-14:00),12.985_77.575,12.985,77.575,9.307642
2024-04-09,morning (06:00-14:00),12.975_77.54,12.975,77.54,8.912436
2024-04-09,morning (06:00-14:00),12.95_77.54,12.95,77.54,8.521241
2024-04-09,morning (06:00-14:00),12.885_77.64,12.885,77.64,8.136585
2024-04-09,morning (06:00-14:00),13.03_77.54,13.03,77.54,8.106919
2024-04-09,morning (06:00-14:00),12.98_77.64,12.98,77.64,8.09822
2024-04-09,morning (06:00-14:00),13.0_77.68,13.0,77.68,7.8158426
2024-04-09,morning (06:00-14:00),12.96_77.6,12.96,77.6,7.514293
2024-04-09,morning (06:00-14:00),12.915_77.575,12.915,77.575,7.477232
2024-04-09,morning (06:00-14:00),13.05_77.595,13.05,77.595,7.433776
2024-04-09,morning (06:00-14:00),12.995_77.66,12.995,77.66,7.293492
2024-04-09,morning (06:00-14:00),12.99_77.57,12.99,77.57,6.9296885
2024-04-09,morning (06:00-14:00),12.995_77.61,12.995,77.61,6.875852
2024-04-09,morning (06:00-14:00),12.875_77.595,12.875,77.595,6.253644
2024-04-09,morning (06:00-14:00),12.97_77.545,12.97,77.545,6.2481847
2024-04-09,morning (06:00-14:00),12.995_77.565,12.995,77.565,6.045011
2024-04-09,morning (06:00-14:00),12.935_77.585,12.935,77.585,5.934193
2024-04-09,morning (06:00-14:00),12.97_77.71,12.97,77.71,5.4982715
2024-04-09,morning (06:00-14:00),12.97_77.62,12.97,77.62,5.464011
2024-04-09,morning (06:00-14:00),13.19_77.68,13.19,77.68,5.396963
2024-04-09,morning (06:00-14:00),12.895_77.635,12.895,77.635,4.923909
2024-04-09,morning (06:00-14:00),13.065_77.59,13.065,77.59,4.3618426
2024-04-09,morning (06:00-14:00),13.095_77.595,13.095,77.595,3.3240232
2024-04-09,morning (06:00-14:00),13.095_77.6,13.095,77.6,3.1726758
2024-04-09,morning (06:00-14:00),12.965_77.715,12.965,77.715,3.1345441
2024-04-09,morning (06:00-14:00),12.915_77.635,12.915,77.635,2.8488288
2024-04-09,morning (06:00-14:00),12.915_77.605,12.915,77.605,2.80118
2024-04-09,morning (06:00-14:00),13.035_77.625,13.035,77.625,2.719385
2024-04-09,morning (06:00-14:00),12.945_77.7,12.945,77.7,2.580852
2024-04-09,morning (06:00-14:00),12.96_77.595,12.96,77.595,1.6842465
2024-04-09,night (22:00-06:00),12.965_77.575,12.965,77.575,108.00964
2024-04-09,night (22:00-06:00),13.01_77.695,13.01,77.695,106.68618
2024-04-09,night (22:00-06:00),12.98_77.575,12.98,77.575,94.59528
2024-04-09,night (22:00-06:00),12.98_77.58,12.98,77.58,70.05069
2024-04-09,night (22:00-06:00),12.975_77.575,12.975,77.575,61.232117
2024-04-09,night (22:00-06:00),12.975_77.58,12.975,77.58,58.880924
2024-04-09,night (22:00-06:00),12.935_77.69,12.935,77.69,43.80842
2024-04-09,night (22:00-06:00),13.01_77.555,13.01,77.555,38.146046
2024-04-09,night (22:00-06:00),13.0_77.55,13.0,77.55,28.021414
2024-04-09,night (22:00-06:00),12.965_77.58,12.965,77.58,28.01383
2024-04-09,night (22:00-06:00),12.995_77.67,12.995,77.67,24.74893
2024-04-09,night (22:00-06:00),12.98_77.605,12.98,77.605,22.106495
2024-04-09,night (22:00-06:00),12.985_77.605,12.985,77.605,22.047487
2024-04-09,night (22:00-06:00),13.185_77.68,13.185,77.68,21.96977
2024-04-09,night (22:00-06:00),12.975_77.545,12.975,77.545,19.806072
2024-04-09,night (22:00-06:00),12.99_77.555,12.99,77.555,19.162252
2024-04-09,night (22:00-06:00),12.97_77.575,12.97,77.575,18.7983
2024-04-09,night (22:00-06:00),13.07_77.59,13.07,77.59,17.504023
2024-04-09,night (22:00-06:00),12.995_77.555,12.995,77.555,17.483463
2024-04-09,night (22:00-06:00),13.0_77.675,13.0,77.675,16.848969
2024-04-09,night (22:00-06:00),12.965_77.585,12.965,77.585,16.663631
2024-04-09,night (22:00-06:00),12.98_77.61,12.98,77.61,16.082129
2024-04-09,night (22:00-06:00),12.985_77.555,12.985,77.555,15.260181
2024-04-09,night (22:00-06:00),12.945_77.57,12.945,77.57,15.010921
2024-04-09,night (22:00-06:00),12.985_77.61,12.985,77.61,14.833661
2024-04-09,night (22:00-06:00),12.975_77.55,12.975,77.55,13.46984
2024-04-09,night (22:00-06:00),13.035_77.59,13.035,77.59,13.392742
2024-04-09,night (22:00-06:00),12.935_77.615,12.935,77.615,13.150165
2024-04-09,night (22:00-06:00),12.95_77.7,12.95,77.7,12.956812
2024-04-09,night (22:00-06:00),13.01_77.55,13.01,77.55,12.568726
2024-04-09,night (22:00-06:00),12.96_77.58,12.96,77.58,11.48839
2024-04-09,night (22:00-06:00),12.96_77.575,12.96,77.575,11.084537
2024-04-09,night (22:00-06:00),12.995_77.695,12.995,77.695,11.028996
2024-04-09,night (22:00-06:00),13.0_77.68,13.0,77.68,10.804318
2024-04-09,night (22:00-06:00),12.965_77.54,12.965,77.54,10.557727
2024-04-09,night (22:00-06:00),12.975_77.57,12.975,77.57,9.093401
2024-04-09,night (22:00-06:00),12.925_77.585,12.925,77.585,8.03326
2024-04-09,night (22:00-06:00),12.955_77.545,12.955,77.545,7.9481196
2024-04-09,night (22:00-06:00),13.0_77.555,13.0,77.555,7.605759
2024-04-09,night (22:00-06:00),13.03_77.54,13.03,77.54,7.603064
2024-04-09,night (22:00-06:00),12.94_77.695,12.94,77.695,7.304805
2024-04-09,night (22:00-06:00),12.94_77.585,12.94,77.585,7.251972
2024-04-09,night (22:00-06:00),12.975_77.56,12.975,77.56,7.03139
2024-04-09,night (22:00-06:00),13.005_77.55,13.005,77.55,6.6567187
2024-04-09,night (22:00-06:00),13.0_77.57,13.0,77.57,6.5750976
2024-04-09,night (22:00-06:00),13.02_77.53,13.02,77.53,6.453489
2024-04-09,night (22:00-06:00),13.005_77.57,13.005,77.57,6.255931
2024-04-09,night (22:00-06:00),12.885_77.64,12.885,77.64,6.1823597
2024-04-09,night (22:00-06:00),12.93_77.585,12.93,77.585,6.1665764
2024-04-09,night (22:00-06:00),13.01_77.57,13.01,77.57,6.152985
2024-04-09,night (22:00-06:00),12.975_77.62,12.975,77.62,6.1388025
2024-04-09,night (22:00-06:00),12.955_77.585,12.955,77.585,6.04065
2024-04-09,night (22:00-06:00),12.98_77.6,12.98,77.6,5.928495
2024-04-09,night (22:00-06:00),13.05_77.575,13.05,77.575,5.871741
2024-04-09,night (22:00-06:00),13.015_77.555,13.015,77.555,5.736444
2024-04-09,night (22:00-06:00),12.975_77.615,12.975,77.615,5.5340405
2024-04-09,night (22:00-06:00),12.995_77.57,12.995,77.57,5.446805
2024-04-09,night (22:00-06:00),12.925_77.68,12.925,77.68,5.358082
2024-04-09,night (22:00-06:00),12.945_77.595,12.945,77.595,5.0982513
2024-04-09,night (22:00-06:00),12.985_77.55,12.985,77.55,5.063759
2024-04-09,night (22:00-06:00),12.99_77.6,12.99,77.6,5.0519137
2024-04-09,night (22:00-06:00),12.93_77.58,12.93,77.58,5.03791
2024-04-09,night (22:00-06:00),13.045_77.575,13.045,77.575,5.015605
2024-04-09,night (22:00-06:00),12.905_77.63,12.905,77.63,4.8437233
2024-04-09,night (22:00-06:00),12.93_77.685,12.93,77.685,4.8080015
2024-04-09,night (22:00-06:00),12.99_77.575,12.99,77.575,4.73806
2024-04-09,night (22:00-06:00),12.925_77.675,12.925,77.675,4.7334013
2024-04-09,night (22:00-06:00),12.965_77.555,12.965,77.555,4.682021
2024-04-09,night (22:00-06:00),12.995_77.55,12.995,77.55,4.67383
2024-04-09,night (22:00-06:00),12.84_77.645,12.84,77.645,4.6299996
2024-04-09,night (22:00-06:00),12.97_77.6,12.97,77.6,4.5508633
2024-04-09,night (22:00-06:00),12.99_77.59,12.99,77.59,4.459097
2024-04-09,night (22:00-06:00),12.965_77.535,12.965,77.535,4.252769
2024-04-09,night (22:00-06:00),12.97_77.58,12.97,77.58,4.2235165
2024-04-09,night (22:00-06:00),12.96_77.585,12.96,77.585,4.1500506
2024-04-09,night (22:00-06:00),12.97_77.535,12.97,77.535,4.1201663
2024-04-09,night (22:00-06:00),12.98_77.695,12.98,77.695,4.0041237
2024-04-09,night (22:00-06:00),12.89_77.64,12.89,77.64,3.9993331
2024-04-09,night (22:00-06:00),12.995_77.59,12.995,77.59,3.9196885
2024-04-09,night (22:00-06:00),12.96_77.645,12.96,77.645,3.8804934
2024-04-09,night (22:00-06:00),12.895_77.635,12.895,77.635,3.8323894
2024-04-09,night (22:00-06:00),12.93_77.68,12.93,77.68,3.80732
2024-04-09,night (22:00-06:00),12.995_77.615,12.995,77.615,3.7955337
2024-04-09,night (22:00-06:00),12.955_77.7,12.955,77.7,3.7557123
2024-04-09,night (22:00-06:00),12.87_77.655,12.87,77.655,3.6073618
2024-04-09,night (22:00-06:00),12.96_77.7,12.96,77.7,3.4524207
2024-04-09,night (22:00-06:00),12.915_77.575,12.915,77.575,3.3840294
2024-04-09,night (22:00-06:00),13.0_77.61,13.0,77.61,3.3839478
2024-04-09,night (22:00-06:00),12.995_77.665,12.995,77.665,3.1674747
2024-04-09,night (22:00-06:00),12.99_77.55,12.99,77.55,3.0125892
2024-04-09,night (22:00-06:00),12.965_77.64,12.965,77.64,2.7514255
2024-04-09,night (22:00-06:00),12.91_77.635,12.91,77.635,2.750987
2024-04-09,night (22:00-06:00),12.96_77.6,12.96,77.6,2.7282965
2024-04-09,night (22:00-06:00),12.97_77.66,12.97,77.66,2.6907344
2024-04-09,night (22:00-06:00),12.975_77.54,12.975,77.54,2.6251636
2024-04-09,night (22:00-06:00),12.96_77.595,12.96,77.595,2.5420604
2024-04-09,night (22:00-06:00),12.94_77.7,12.94,77.7,2.5239222
2024-04-09,night (22:00-06:00),12.975_77.625,12.975,77.625,2.472005
2024-04-09,night (22:00-06:00),12.96_77.65,12.96,77.65,2.451785
2024-04-09,night (22:00-06:00),12.99_77.54,12.99,77.54,2.442973
2024-04-09,night (22:00-06:00),13.025_77.585,13.025,77.585,2.3919888
2024-04-09,night (22:00-06:00),12.99_77.57,12.99,77.57,2.3780072
2024-04-09,night (22:00-06:00),12.985_77.58,12.985,77.58,2.3166583
2024-04-09,night (22:00-06:00),12.97_77.645,12.97,77.645,2.312675
2024-04-09,night (22:00-06:00),12.985_77.6,12.985,77.6,2.2787528
2024-04-09,night (22:00-06:00),12.9_77.675,12.9,77.675,2.278554
2024-04-09,night (22:00-06:00),12.97_77.62,12.97,77.62,2.273864
2024-04-09,night (22:00-06:00),12.97_77.71,12.97,77.71,2.2504315
2024-04-09,night (22:00-06:00),12.995_77.61,12.995,77.61,2.2363439
2024-04-09,night (22:00-06:00),12.98_77.555,12.98,77.555,2.2344978
2024-04-09,night (22:00-06:00),12.96_77.715,12.96,77.715,2.2315173
2024-04-09,night (22:00-06:00),12.925_77.62,12.925,77.62,2.1698742
2024-04-09,night (22:00-06:00),13.19_77.68,13.19,77.68,2.1128945
2024-04-09,night (22:00-06:00),12.98_77.56,12.98,77.56,2.1127448
2024-04-09,night (22:00-06:00),12.97_77.605,12.97,77.605,2.0822701
2024-04-09,night (22:00-06:00),12.975_77.59,12.975,77.59,2.0643077
2024-04-09,night (22:00-06:00),13.07_77.585,13.07,77.585,2.0567832
2024-04-09,night (22:00-06:00),13.095_77.6,13.095,77.6,2.0511463
2024-04-09,night (22:00-06:00),13.03_77.575,13.03,77.575,2.0468774
2024-04-09,night (22:00-06:00),12.97_77.595,12.97,77.595,2.0148916
2024-04-09,night (22:00-06:00),12.97_77.64,12.97,77.64,2.0026002
2024-04-09,night (22:00-06:00),13.0_77.54,13.0,77.54,1.9965321
2024-04-09,night (22:00-06:00),12.96_77.51,12.96,77.51,1.9485214
2024-04-09,night (22:00-06:00),13.05_77.595,13.05,77.595,1.9459414
2024-04-09,night (22:00-06:00),12.97_77.59,12.97,77.59,1.9394224
2024-04-09,night (22:00-06:00),12.91_77.64,12.91,77.64,1.927137
2024-04-09,night (22:00-06:00),12.995_77.565,12.995,77.565,1.9152328
2024-04-09,night (22:00-06:00),12.975_77.61,12.975,77.61,1.8961099
2024-04-09,night (22:00-06:00),12.91_77.6,12.91,77.6,1.8875322
2024-04-09,night (22:00-06:00),12.875_77.595,12.875,77.595,1.8059324
2024-04-09,night (22:00-06:00),12.935_77.585,12.935,77.585,1.7952744
2024-04-09,night (22:00-06:00),12.93_77.69,12.93,77.69,1.6885788
2024-04-09,night (22:00-06:00),12.98_77.615,12.98,77.615,1.6873114
2024-04-09,night (22:00-06:00),13.03_77.535,13.03,77.535,1.669682
2024-04-09,night (22:00-06:00),12.965_77.715,12.965,77.715,1.6682284
2024-04-09,night (22:00-06:00),12.95_77.54,12.95,77.54,1.6345644
2024-04-09,night (22:00-06:00),13.19_77.645,13.19,77.645,1.5763665
2024-04-09,night (22:00-06:00),13.065_77.59,13.065,77.59,1.5757825
2024-04-09,night (22:00-06:00),12.995_77.66,12.995,77.66,1.5447038
2024-04-09,night (22:00-06:00),12.97_77.545,12.97,77.545,1.5094289
2024-04-09,night (22:00-06:00),12.98_77.64,12.98,77.64,1.4523783
2024-04-09,night (22:00-06:00),12.985_77.575,12.985,77.575,1.4391631
2024-04-09,night (22:00-06:00),13.095_77.595,13.095,77.595,1.1779568
2024-04-09,night (22:00-06:00),13.035_77.625,13.035,77.625,0.9706331
2024-04-09,night (22:00-06:00),12.945_77.7,12.945,77.7,0.8485916
2024-04-09,night (22:00-06:00),12.965_77.72,12.965,77.72,0.8451263
2024-04-09,night (22:00-06:00),12.915_77.635,12.915,77.635,0.80263984
2024-04-09,night (22:00-06:00),13.005_77.685,13.005,77.685,0.7564314
2024-04-09,night (22:00-06:00),12.96_77.53,12.96,77.53,0.74513775
2024-04-09,night (22:00-06:00),12.915_77.605,12.915,77.605,0.53870773
2024-04-10,evening (14:00-22:00),12.965_77.575,12.965,77.575,11.287425
2024-04-10,evening (14:00-22:00),12.98_77.61,12.98,77.61,9.023274
2024-04-10,evening (14:00-22:00),13.01_77.555,13.01,77.555,7.483975
2024-04-10,evening (14:00-22:00),12.98_77.575,12.98,77.575,7.256987
2024-04-10,evening (14:00-22:00),13.185_77.68,13.185,77.68,6.881032
2024-04-10,evening (14:00-22:00),12.975_77.575,12.975,77.575,6.6658406
2024-04-10,evening (14:00-22:00),13.01_77.695,13.01,77.695,6.1791797
2024-04-10,evening (14:00-22:00),12.975_77.58,12.975,77.58,5.8176336
2024-04-10,evening (14:00-22:00),12.985_77.61,12.985,77.61,5.522519
2024-04-10,evening (14:00-22:00),12.995_77.67,12.995,77.67,5.358468
2024-04-10,evening (14:00-22:00),13.07_77.59,13.07,77.59,4.7135754
2024-04-10,evening (14:00-22:00),13.0_77.55,13.0,77.55,4.4319096
2024-04-10,evening (14:00-22:00),12.935_77.615,12.935,77.615,4.3280644
2024-04-10,evening (14:00-22:00),12.985_77.605,12.985,77.605,3.9639032
2024-04-10,evening (14:00-22:00),12.96_77.575,12.96,77.575,3.9238884
2024-04-10,evening (14:00-22:00),12.965_77.58,12.965,77.58,3.7456944
2024-04-10,evening (14:00-22:00),12.935_77.69,12.935,77.69,3.6316798
2024-04-10,evening (14:00-22:00),12.975_77.55,12.975,77.55,3.5336142
2024-04-10,evening (14:00-22:00),12.965_77.585,12.965,77.585,3.3687897
2024-04-10,evening (14:00-22:00),12.945_77.57,12.945,77.57,3.3523085
2024-04-10,evening (14:00-22:00),12.975_77.545,12.975,77.545,3.267208
2024-04-10,evening (14:00-22:00),12.96_77.58,12.96,77.58,3.2346807
2024-04-10,evening (14:00-22:00),12.995_77.695,12.995,77.695,3.186373
2024-04-10,evening (14:00-22:00),12.95_77.7,12.95,77.7,3.1580868
2024-04-10,evening (14:00-22:00),12.98_77.605,12.98,77.605,3.0704815
2024-04-10,evening (14:00-22:00),12.98_77.58,12.98,77.58,2.9133546
2024-04-10,evening (14:00-22:00),13.035_77.59,13.035,77.59,2.7051108
2024-04-10,evening (14:00-22:00),13.01_77.55,13.01,77.55,2.7020276
2024-04-10,evening (14:00-22:00),12.965_77.54,12.965,77.54,2.6689386
2024-04-10,evening (14:00-22:00),12.97_77.575,12.97,77.575,2.554791
2024-04-10,evening (14:00-22:00),13.0_77.57,13.0,77.57,2.5145118
2024-04-10,evening (14:00-22:00),12.985_77.555,12.985,77.555,2.5111828
2024-04-10,evening (14:00-22:00),13.005_77.57,13.005,77.57,2.5076017
2024-04-10,evening (14:00-22:00),12.975_77.57,12.975,77.57,2.5042098
2024-04-10,evening (14:00-22:00),12.99_77.555,12.99,77.555,2.4502537
2024-04-10,evening (14:00-22:00),12.975_77.56,12.975,77.56,2.3542821
2024-04-10,evening (14:00-22:00),12.98_77.6,12.98,77.6,2.288442
2024-04-10,evening (14:00-22:00),12.94_77.695,12.94,77.695,2.1736689
2024-04-10,evening (14:00-22:00),12.84_77.645,12.84,77.645,2.0591664
2024-04-10,evening (14:00-22:00),13.0_77.675,13.0,77.675,2.0028803
2024-04-10,evening (14:00-22:00),13.0_77.555,13.0,77.555,1.7383108
2024-04-10,evening (14:00-22:00),13.015_77.555,13.015,77.555,1.5948442
2024-04-10,evening (14:00-22:00),12.995_77.555,12.995,77.555,1.586371
2024-04-10,evening (14:00-22:00),12.995_77.57,12.995,77.57,1.4515198
2024-04-10,evening (14:00-22:00),12.93_77.685,12.93,77.685,1.3766254
2024-04-10,evening (14:00-22:00),12.995_77.66,12.995,77.66,1.3671346
2024-04-10,evening (14:00-22:00),12.965_77.72,12.965,77.72,1.3645651
2024-04-10,evening (14:00-22:00),12.955_77.545,12.955,77.545,1.3521875
2024-04-10,evening (14:00-22:00),12.96_77.53,12.96,77.53,1.1724647
2024-04-10,evening (14:00-22:00),12.99_77.55,12.99,77.55,1.100357
2024-04-10,evening (14:00-22:00),12.905_77.63,12.905,77.63,1.0507839
2024-04-10,evening (14:00-22:00),13.01_77.57,13.01,77.57,1.0224446
2024-04-10,evening (14:00-22:00),12.995_77.55,12.995,77.55,0.99095935
2024-04-10,evening (14:00-22:00),12.94_77.585,12.94,77.585,0.9253596
2024-04-10,evening (14:00-22:00),12.99_77.59,12.99,77.59,0.8234919
2024-04-10,evening (14:00-22:00),13.005_77.685,13.005,77.685,0.8139126
2024-04-10,evening (14:00-22:00),12.97_77.535,12.97,77.535,0.76546544
2024-04-10,evening (14:00-22:00),12.9_77.675,12.9,77.675,0.7185648
2024-04-10,evening (14:00-22:00),12.93_77.58,12.93,77.58,0.7120235
2024-04-10,evening (14:00-22:00),12.98_77.615,12.98,77.615,0.7069924
2024-04-10,evening (14:00-22:00),12.93_77.585,12.93,77.585,0.6695629
2024-04-10,evening (14:00-22:00),12.97_77.58,12.97,77.58,0.6514487
2024-04-10,evening (14:00-22:00),13.02_77.53,13.02,77.53,0.63023746
2024-04-10,evening (14:00-22:00),12.995_77.665,12.995,77.665,0.6292627
2024-04-10,evening (14:00-22:00),13.005_77.55,13.005,77.55,0.6135542
2024-04-10,evening (14:00-22:00),12.97_77.6,12.97,77.6,0.5390228
2024-04-10,evening (14:00-22:00),13.025_77.585,13.025,77.585,0.5188743
2024-04-10,evening (14:00-22:00),13.05_77.575,13.05,77.575,0.5005828
2024-04-10,evening (14:00-22:00),12.925_77.62,12.925,77.62,0.48640212
2024-04-10,evening (14:00-22:00),12.99_77.575,12.99,77.575,0.47524965
2024-04-10,evening (14:00-22:00),12.965_77.535,12.965,77.535,0.47178593
2024-04-10,evening (14:00-22:00),12.965_77.64,12.965,77.64,0.46885458
2024-04-10,evening (14:00-22:00),12.97_77.645,12.97,77.645,0.45004985
2024-04-10,evening (14:00-22:00),12.96_77.51,12.96,77.51,0.4491542
2024-04-10,evening (14:00-22:00),13.0_77.54,13.0,77.54,0.44838044
2024-04-10,evening (14:00-22:00),12.99_77.54,12.99,77.54,0.44300088
2024-04-10,evening (14:00-22:00),13.19_77.645,13.19,77.645,0.44148427
2024-04-10,evening (14:00-22:00),12.985_77.6,12.985,77.6,0.4382958
2024-04-10,evening (14:00-22:00),12.955_77.585,12.955,77.585,0.43505424
2024-04-10,evening (14:00-22:00),12.925_77.585,12.925,77.585,0.43101662
2024-04-10,evening (14:00-22:00),13.07_77.585,13.07,77.585,0.42601004
2024-04-10,evening (14:00-22:00),12.975_77.615,12.975,77.615,0.41757214
2024-04-10,evening (14:00-22:00),12.925_77.675,12.925,77.675,0.41622797
2024-04-10,evening (14:00-22:00),12.985_77.55,12.985,77.55,0.41116458
2024-04-10,evening (14:00-22:00),12.97_77.66,12.97,77.66,0.40963086
2024-04-10,evening (14:00-22:00),13.03_77.54,13.03,77.54,0.4031131
2024-04-10,evening (14:00-22:00),12.91_77.635,12.91,77.635,0.39488658
2024-04-10,evening (14:00-22:00),12.89_77.64,12.89,77.64,0.39373487
2024-04-10,evening (14:00-22:00),12.91_77.64,12.91,77.64,0.38582477
2024-04-10,evening (14:00-22:00),12.99_77.6,12.99,77.6,0.3759398
2024-04-10,evening (14:00-22:00),12.945_77.595,12.945,77.595,0.36355615
2024-04-10,evening (14:00-22:00),12.935_77.585,12.935,77.585,0.36321628
2024-04-10,evening (14:00-22:00),12.995_77.615,12.995,77.615,0.36105984
2024-04-10,evening (14:00-22:00),13.0_77.61,13.0,77.61,0.35459685
2024-04-10,evening (14:00-22:00),12.97_77.595,12.97,77.595,0.34237558
2024-04-10,evening (14:00-22:00),12.975_77.61,12.975,77.61,0.34138837
2024-04-10,evening (14:00-22:00),12.87_77.655,12.87,77.655,0.33640793
2024-04-10,evening (14:00-22:00),12.915_77.635,12.915,77.635,0.33429262
2024-04-10,evening (14:00-22:00),12.965_77.555,12.965,77.555,0.3339397
2024-04-10,evening (14:00-22:00),12.975_77.62,12.975,77.62,0.32742074
2024-04-10,evening (14:00-22:00),12.98_77.555,12.98,77.555,0.31284425
2024-04-10,evening (14:00-22:00),12.96_77.715,12.96,77.715,0.3116111
2024-04-10,evening (14:00-22:00),12.995_77.565,12.995,77.565,0.3108308
2024-04-10,evening (14:00-22:00),12.96_77.65,12.96,77.65,0.3017901
2024-04-10,evening (14:00-22:00),12.93_77.68,12.93,77.68,0.2976159
2024-04-10,evening (14:00-22:00),13.03_77.535,13.03,77.535,0.29077026
2024-04-10,evening (14:00-22:00),12.97_77.64,12.97,77.64,0.28953508
2024-04-10,evening (14:00-22:00),12.975_77.625,12.975,77.625,0.28482744
2024-04-10,evening (14:00-22:00),12.985_77.58,12.985,77.58,0.27658078
2024-04-10,evening (14:00-22:00),12.97_77.605,12.97,77.605,0.27387926
2024-04-10,evening (14:00-22:00),12.96_77.6,12.96,77.6,0.2729354
2024-04-10,evening (14:00-22:00),12.955_77.7,12.955,77.7,0.26964733
2024-04-10,evening (14:00-22:00),12.97_77.59,12.97,77.59,0.26701573
2024-04-10,evening (14:00-22:00),12.95_77.54,12.95,77.54,0.2664347
2024-04-10,evening (14:00-22:00),12.96_77.585,12.96,77.585,0.2610061
2024-04-10,evening (14:00-22:00),12.91_77.6,12.91,77.6,0.25727457
2024-04-10,evening (14:00-22:00),12.885_77.64,12.885,77.64,0.2549846
2024-04-10,evening (14:00-22:00),13.03_77.575,13.03,77.575,0.2539485
2024-04-10,evening (14:00-22:00),12.985_77.575,12.985,77.575,0.25210252
2024-04-10,evening (14:00-22:00),12.925_77.68,12.925,77.68,0.2464898
2024-04-10,evening (14:00-22:00),12.98_77.695,12.98,77.695,0.24560386
2024-04-10,evening (14:00-22:00),12.915_77.575,12.915,77.575,0.24533448
2024-04-10,evening (14:00-22:00),12.995_77.59,12.995,77.59,0.23409511
2024-04-10,evening (14:00-22:00),12.96_77.7,12.96,77.7,0.22946684
2024-04-10,evening (14:00-22:00),12.98_77.56,12.98,77.56,0.22572207
2024-04-10,evening (14:00-22:00),13.065_77.59,13.065,77.59,0.22107232
2024-04-10,evening (14:00-22:00),13.045_77.575,13.045,77.575,0.2151924
2024-04-10,evening (14:00-22:00),12.96_77.645,12.96,77.645,0.21363352
2024-04-10,evening (14:00-22:00),12.93_77.69,12.93,77.69,0.21120383
2024-04-10,evening (14:00-22:00),12.97_77.71,12.97,77.71,0.20884182
2024-04-10,evening (14:00-22:00),12.94_77.7,12.94,77.7,0.19556066
2024-04-10,evening (14:00-22:00),13.19_77.68,13.19,77.68,0.19302735
2024-04-10,evening (14:00-22:00),13.05_77.595,13.05,77.595,0.18932888
2024-04-10,evening (14:00-22:00),12.99_77.57,12.99,77.57,0.18860498
2024-04-10,evening (14:00-22:00),12.97_77.62,12.97,77.62,0.18715623
2024-04-10,evening (14:00-22:00),12.995_77.61,12.995,77.61,0.18617402
2024-04-10,evening (14:00-22:00),12.98_77.64,12.98,77.64,0.18155138
2024-04-10,evening (14:00-22:00),13.0_77.68,13.0,77.68,0.18149085
2024-04-10,evening (14:00-22:00),12.875_77.595,12.875,77.595,0.16293387
2024-04-10,evening (14:00-22:00),12.975_77.54,12.975,77.54,0.1543868
2024-04-10,evening (14:00-22:00),12.895_77.635,12.895,77.635,0.14137511
2024-04-10,evening (14:00-22:00),13.095_77.6,13.095,77.6,0.14047177
2024-04-10,evening (14:00-22:00),12.975_77.59,12.975,77.59,0.13978457
2024-04-10,evening (14:00-22:00),12.915_77.605,12.915,77.605,0.1293473
2024-04-10,evening (14:00-22:00),13.095_77.595,13.095,77.595,0.12805513
2024-04-10,evening (14:00-22:00),12.97_77.545,12.97,77.545,0.10833685
2024-04-10,evening (14:00-22:00),13.035_77.625,13.035,77.625,0.105136275
2024-04-10,evening (14:00-22:00),12.945_77.7,12.945,77.7,0.101895094
2024-04-10,evening (14:00-22:00),12.965_77.715,12.965,77.715,0.09698388
2024-04-10,evening (14:00-22:00),12.96_77.595,12.96,77.595,0.07458617
2024-04-10,morning (06:00-14:00),12.98_77.61,12.98,77.61,293.40625
2024-04-10,morning (06:00-14:00),12.975_77.58,12.975,77.58,288.75385
2024-04-10,morning (06:00-14:00),12.975_77.575,12.975,77.575,216.7278
2024-04-10,morning (06:00-14:00),12.98_77.575,12.98,77.575,212.2859
2024-04-10,morning (06:00-14:00),12.965_77.575,12.965,77.575,200.03464
2024-04-10,morning (06:00-14:00),13.01_77.555,13.01,77.555,179.58153
2024-04-10,morning (06:00-14:00),13.0_77.55,13.0,77.55,156.79668
2024-04-10,morning (06:00-14:00),12.965_77.58,12.965,77.58,128.476
2024-04-10,morning (06:00-14:00),12.985_77.605,12.985,77.605,115.03346
2024-04-10,morning (06:00-14:00),12.935_77.69,12.935,77.69,112.036934
2024-04-10,morning (06:00-14:00),12.97_77.575,12.97,77.575,110.72324
2024-04-10,morning (06:00-14:00),12.98_77.58,12.98,77.58,108.855095
2024-04-10,morning (06:00-14:00),13.07_77.59,13.07,77.59,106.14347
2024-04-10,morning (06:00-14:00),12.98_77.605,12.98,77.605,104.10257
2024-04-10,morning (06:00-14:00),12.975_77.545,12.975,77.545,100.19998
2024-04-10,morning (06:00-14:00),12.995_77.67,12.995,77.67,97.66936
2024-04-10,morning (06:00-14:00),12.965_77.585,12.965,77.585,96.85878
2024-04-10,morning (06:00-14:00),13.185_77.68,13.185,77.68,95.08413
2024-04-10,morning (06:00-14:00),12.94_77.695,12.94,77.695,94.61544
2024-04-10,morning (06:00-14:00),12.985_77.61,12.985,77.61,93.20935
2024-04-10,morning (06:00-14:00),13.01_77.55,13.01,77.55,86.3177
2024-04-10,morning (06:00-14:00),13.01_77.695,13.01,77.695,84.104866
2024-04-10,morning (06:00-14:00),13.0_77.57,13.0,77.57,83.63803
2024-04-10,morning (06:00-14:00),12.945_77.57,12.945,77.57,80.054245
2024-04-10,morning (06:00-14:00),12.975_77.55,12.975,77.55,77.25754
2024-04-10,morning (06:00-14:00),12.96_77.575,12.96,77.575,69.35896
2024-04-10,morning (06:00-14:00),12.985_77.555,12.985,77.555,61.869564
2024-04-10,morning (06:00-14:00),13.005_77.57,13.005,77.57,59.50145
2024-04-10,morning (06:00-14:00),13.035_77.59,13.035,77.59,58.998077
2024-04-10,morning (06:00-14:00),12.96_77.58,12.96,77.58,58.632908
2024-04-10,morning (06:00-14:00),12.995_77.57,12.995,77.57,54.663677
2024-04-10,morning (06:00-14:00),12.965_77.54,12.965,77.54,53.72132
2024-04-10,morning (06:00-14:00),12.935_77.615,12.935,77.615,53.577904
2024-04-10,morning (06:00-14:00),13.0_77.555,13.0,77.555,53.53775
2024-04-10,morning (06:00-14:00),12.95_77.7,12.95,77.7,52.44245
2024-04-10,morning (06:00-14:00),13.0_77.675,13.0,77.675,51.26421
2024-04-10,morning (06:00-14:00),12.975_77.57,12.975,77.57,50.52275
2024-04-10,morning (06:00-14:00),12.995_77.695,12.995,77.695,49.30648
2024-04-10,morning (06:00-14:00),12.975_77.56,12.975,77.56,48.912132
2024-04-10,morning (06:00-14:00),12.98_77.6,12.98,77.6,47.76603
2024-04-10,morning (06:00-14:00),12.99_77.555,12.99,77.555,47.25254
2024-04-10,morning (06:00-14:00),12.995_77.555,12.995,77.555,42.550545
2024-04-10,morning (06:00-14:00),12.93_77.685,12.93,77.685,40.952393
2024-04-10,morning (06:00-14:00),13.015_77.555,13.015,77.555,40.849033
2024-04-10,morning (06:00-14:00),12.995_77.55,12.995,77.55,40.821827
2024-04-10,morning (06:00-14:00),12.955_77.545,12.955,77.545,37.6514
2024-04-10,morning (06:00-14:00),13.01_77.57,13.01,77.57,37.475742
2024-04-10,morning (06:00-14:00),12.905_77.63,12.905,77.63,34.695335
2024-04-10,morning (06:00-14:00),12.84_77.645,12.84,77.645,34.61202
2024-04-10,morning (06:00-14:00),12.99_77.59,12.99,77.59,34.421566
2024-04-10,morning (06:00-14:00),12.99_77.55,12.99,77.55,33.725624
2024-04-10,morning (06:00-14:00),12.965_77.72,12.965,77.72,31.828533
2024-04-10,morning (06:00-14:00),12.96_77.53,12.96,77.53,31.529922
2024-04-10,morning (06:00-14:00),12.97_77.535,12.97,77.535,30.829922
2024-04-10,morning (06:00-14:00),13.005_77.55,13.005,77.55,28.501265
2024-04-10,morning (06:00-14:00),12.97_77.58,12.97,77.58,28.442553
2024-04-10,morning (06:00-14:00),13.005_77.685,13.005,77.685,27.081573
2024-04-10,morning (06:00-14:00),12.97_77.6,12.97,77.6,26.925842
2024-04-10,morning (06:00-14:00),13.02_77.53,13.02,77.53,26.868658
2024-04-10,morning (06:00-14:00),12.93_77.58,12.93,77.58,26.42467
2024-04-10,morning (06:00-14:00),12.93_77.585,12.93,77.585,26.370481
2024-04-10,morning (06:00-14:00),12.99_77.575,12.99,77.575,24.519096
2024-04-10,morning (06:00-14:00),12.98_77.615,12.98,77.615,24.497078
2024-04-10,morning (06:00-14:00),12.955_77.585,12.955,77.585,23.888435
2024-04-10,morning (06:00-14:00),12.965_77.64,12.965,77.64,23.819864
2024-04-10,morning (06:00-14:00),12.925_77.675,12.925,77.675,23.501299
2024-04-10,morning (06:00-14:00),12.925_77.62,12.925,77.62,23.087402
2024-04-10,morning (06:00-14:00),12.975_77.615,12.975,77.615,23.060308
2024-04-10,morning (06:00-14:00),12.985_77.6,12.985,77.6,22.211254
2024-04-10,morning (06:00-14:00),12.925_77.585,12.925,77.585,22.033926
2024-04-10,morning (06:00-14:00),12.94_77.585,12.94,77.585,21.672821
2024-04-10,morning (06:00-14:00),12.99_77.6,12.99,77.6,21.621454
2024-04-10,morning (06:00-14:00),13.19_77.645,13.19,77.645,21.02258
2024-04-10,morning (06:00-14:00),12.98_77.695,12.98,77.695,20.66101
2024-04-10,morning (06:00-14:00),13.0_77.54,13.0,77.54,20.56266
2024-04-10,morning (06:00-14:00),12.965_77.535,12.965,77.535,20.558798
2024-04-10,morning (06:00-14:00),12.99_77.54,12.99,77.54,20.5372
2024-04-10,morning (06:00-14:00),12.97_77.645,12.97,77.645,20.330172
2024-04-10,morning (06:00-14:00),12.97_77.66,12.97,77.66,20.13414
2024-04-10,morning (06:00-14:00),12.985_77.55,12.985,77.55,19.90964
2024-04-10,morning (06:00-14:00),12.96_77.585,12.96,77.585,19.85941
2024-04-10,morning (06:00-14:00),12.96_77.7,12.96,77.7,19.784958
2024-04-10,morning (06:00-14:00),12.995_77.59,12.995,77.59,18.814075
2024-04-10,morning (06:00-14:00),12.96_77.645,12.96,77.645,18.155111
2024-04-10,morning (06:00-14:00),12.96_77.65,12.96,77.65,18.051598
2024-04-10,morning (06:00-14:00),12.995_77.615,12.995,77.615,17.931004
2024-04-10,morning (06:00-14:00),13.025_77.585,13.025,77.585,17.89406
2024-04-10,morning (06:00-14:00),12.965_77.555,12.965,77.555,17.783844
2024-04-10,morning (06:00-14:00),12.985_77.58,12.985,77.58,17.66734
2024-04-10,morning (06:00-14:00),12.955_77.7,12.955,77.7,17.225876
2024-04-10,morning (06:00-14:00),12.975_77.62,12.975,77.62,17.043083
2024-04-10,morning (06:00-14:00),12.945_77.595,12.945,77.595,16.981594
2024-04-10,morning (06:00-14:00),13.03_77.575,13.03,77.575,15.518028
2024-04-10,morning (06:00-14:00),13.07_77.585,13.07,77.585,15.015981
2024-04-10,morning (06:00-14:00),12.96_77.51,12.96,77.51,14.896061
2024-04-10,morning (06:00-14:00),12.98_77.555,12.98,77.555,14.682363
2024-04-10,morning (06:00-14:00),12.91_77.64,12.91,77.64,14.086018
2024-04-10,morning (06:00-14:00),12.995_77.665,12.995,77.665,13.91461
2024-04-10,morning (06:00-14:00),12.93_77.69,12.93,77.69,13.9110775
2024-04-10,morning (06:00-14:00),12.87_77.655,12.87,77.655,13.804535
2024-04-10,morning (06:00-14:00),12.97_77.595,12.97,77.595,13.784779
2024-04-10,morning (06:00-14:00),12.97_77.64,12.97,77.64,13.754075
2024-04-10,morning (06:00-14:00),12.925_77.68,12.925,77.68,13.575959
2024-04-10,morning (06:00-14:00),12.89_77.64,12.89,77.64,13.5141945
2024-04-10,morning (06:00-14:00),12.975_77.625,12.975,77.625,13.3305
2024-04-10,morning (06:00-14:00),12.93_77.68,12.93,77.68,13.298352
2024-04-10,morning (06:00-14:00),13.0_77.61,13.0,77.61,13.270499
2024-04-10,morning (06:00-14:00),12.9_77.675,12.9,77.675,13.206795
2024-04-10,morning (06:00-14:00),12.97_77.59,12.97,77.59,13.086676
2024-04-10,morning (06:00-14:00),12.98_77.56,12.98,77.56,12.760398
2024-04-10,morning (06:00-14:00),13.05_77.575,13.05,77.575,12.533049
2024-04-10,morning (06:00-14:00),12.985_77.575,12.985,77.575,12.482882
2024-04-10,morning (06:00-14:00),12.96_77.715,12.96,77.715,12.441591
2024-04-10,morning (06:00-14:00),12.975_77.61,12.975,77.61,12.367224
2024-04-10,morning (06:00-14:00),12.91_77.635,12.91,77.635,12.27457
2024-04-10,morning (06:00-14:00),13.03_77.535,13.03,77.535,12.146057
2024-04-10,morning (06:00-14:00),12.91_77.6,12.91,77.6,12.08527
2024-04-10,morning (06:00-14:00),12.95_77.54,12.95,77.54,11.980936
2024-04-10,morning (06:00-14:00),12.97_77.605,12.97,77.605,11.952567
2024-04-10,morning (06:00-14:00),12.99_77.57,12.99,77.57,11.601785
2024-04-10,morning (06:00-14:00),12.885_77.64,12.885,77.64,10.777672
2024-04-10,morning (06:00-14:00),13.03_77.54,13.03,77.54,9.62118
2024-04-10,morning (06:00-14:00),12.975_77.54,12.975,77.54,9.584021
2024-04-10,morning (06:00-14:00),12.915_77.575,12.915,77.575,9.358752
2024-04-10,morning (06:00-14:00),12.96_77.6,12.96,77.6,9.325125
2024-04-10,morning (06:00-14:00),13.0_77.68,13.0,77.68,9.292888
2024-04-10,morning (06:00-14:00),12.98_77.64,12.98,77.64,8.95436
2024-04-10,morning (06:00-14:00),12.875_77.595,12.875,77.595,8.496139
2024-04-10,morning (06:00-14:00),12.94_77.7,12.94,77.7,8.434991
2024-04-10,morning (06:00-14:00),13.05_77.595,13.05,77.595,8.171168
2024-04-10,morning (06:00-14:00),13.045_77.575,13.045,77.575,7.687693
2024-04-10,morning (06:00-14:00),12.97_77.71,12.97,77.71,7.6727343
2024-04-10,morning (06:00-14:00),13.19_77.68,13.19,77.68,7.596509
2024-04-10,morning (06:00-14:00),12.995_77.565,12.995,77.565,7.5283346
2024-04-10,morning (06:00-14:00),12.975_77.59,12.975,77.59,7.147742
2024-04-10,morning (06:00-14:00),12.995_77.61,12.995,77.61,6.967263
2024-04-10,morning (06:00-14:00),12.97_77.62,12.97,77.62,6.0394163
2024-04-10,morning (06:00-14:00),12.895_77.635,12.895,77.635,5.4647756
2024-04-10,morning (06:00-14:00),12.935_77.585,12.935,77.585,5.4134955
2024-04-10,morning (06:00-14:00),12.97_77.545,12.97,77.545,5.328916
2024-04-10,morning (06:00-14:00),12.995_77.66,12.995,77.66,5.2238436
2024-04-10,morning (06:00-14:00),13.065_77.59,13.065,77.59,3.9949899
2024-04-10,morning (06:00-14:00),12.915_77.605,12.915,77.605,3.4128351
2024-04-10,morning (06:00-14:00),13.095_77.6,13.095,77.6,3.165006
2024-04-10,morning (06:00-14:00),12.945_77.7,12.945,77.7,3.0030615
2024-04-10,morning (06:00-14:00),13.095_77.595,13.095,77.595,2.9782336
2024-04-10,morning (06:00-14:00),12.965_77.715,12.965,77.715,2.8991902
2024-04-10,morning (06:00-14:00),13.035_77.625,13.035,77.625,2.7944686
2024-04-10,morning (06:00-14:00),12.915_77.635,12.915,77.635,2.1129024
2024-04-10,morning (06:00-14:00),12.96_77.595,12.96,77.595,1.8160892
2024-04-10,night (22:00-06:00),12.965_77.575,12.965,77.575,123.60273
2024-04-10,night (22:00-06:00),13.01_77.695,13.01,77.695,67.82253
2024-04-10,night (22:00-06:00),12.98_77.575,12.98,77.575,60.949394
2024-04-10,night (22:00-06:00),12.975_77.575,12.975,77.575,54.287315
2024-04-10,night (22:00-06:00),12.98_77.58,12.98,77.58,51.70553
2024-04-10,night (22:00-06:00),12.975_77.58,12.975,77.58,49.811367
2024-04-10,night (22:00-06:00),12.935_77.69,12.935,77.69,47.61466
2024-04-10,night (22:00-06:00),13.01_77.555,13.01,77.555,44.685974
2024-04-10,night (22:00-06:00),12.965_77.58,12.965,77.58,32.464428
2024-04-10,night (22:00-06:00),13.0_77.55,13.0,77.55,28.577396
2024-04-10,night (22:00-06:00),12.985_77.605,12.985,77.605,27.45708
2024-04-10,night (22:00-06:00),12.98_77.605,12.98,77.605,26.398914
2024-04-10,night (22:00-06:00),13.185_77.68,13.185,77.68,25.829365
2024-04-10,night (22:00-06:00),12.97_77.575,12.97,77.575,25.253942
2024-04-10,night (22:00-06:00),12.975_77.545,12.975,77.545,22.004217
2024-04-10,night (22:00-06:00),13.07_77.59,13.07,77.59,21.77702
2024-04-10,night (22:00-06:00),12.995_77.67,12.995,77.67,20.558496
2024-04-10,night (22:00-06:00),12.95_77.7,12.95,77.7,19.530182
2024-04-10,night (22:00-06:00),13.0_77.675,13.0,77.675,18.651411
2024-04-10,night (22:00-06:00),12.995_77.555,12.995,77.555,18.344679
2024-04-10,night (22:00-06:00),12.965_77.585,12.965,77.585,17.515772
2024-04-10,night (22:00-06:00),12.935_77.615,12.935,77.615,15.790869
2024-04-10,night (22:00-06:00),12.985_77.61,12.985,77.61,15.419052
2024-04-10,night (22:00-06:00),13.01_77.55,13.01,77.55,14.740858
2024-04-10,night (22:00-06:00),12.945_77.57,12.945,77.57,14.197643
2024-04-10,night (22:00-06:00),12.94_77.695,12.94,77.695,14.13349
2024-04-10,night (22:00-06:00),12.975_77.55,12.975,77.55,13.110278
2024-04-10,night (22:00-06:00),12.98_77.61,12.98,77.61,12.184155
2024-04-10,night (22:00-06:00),12.985_77.555,12.985,77.555,11.334538
2024-04-10,night (22:00-06:00),12.965_77.54,12.965,77.54,10.824661
2024-04-10,night (22:00-06:00),12.96_77.58,12.96,77.58,10.760097
2024-04-10,night (22:00-06:00),12.99_77.555,12.99,77.555,10.706253
2024-04-10,night (22:00-06:00),12.995_77.695,12.995,77.695,10.693956
2024-04-10,night (22:00-06:00),13.035_77.59,13.035,77.59,10.440539
2024-04-10,night (22:00-06:00),12.975_77.57,12.975,77.57,10.440277
2024-04-10,night (22:00-06:00),12.96_77.575,12.96,77.575,9.827241
2024-04-10,night (22:00-06:00),12.925_77.68,12.925,77.68,9.78311
2024-04-10,night (22:00-06:00),13.005_77.57,13.005,77.57,9.710976
2024-04-10,night (22:00-06:00),12.955_77.545,12.955,77.545,9.63182
2024-04-10,night (22:00-06:00),12.975_77.56,12.975,77.56,9.345821
2024-04-10,night (22:00-06:00),12.98_77.6,12.98,77.6,9.312503
2024-04-10,night (22:00-06:00),13.0_77.57,13.0,77.57,9.236647
2024-04-10,night (22:00-06:00),12.93_77.68,12.93,77.68,8.898582
2024-04-10,night (22:00-06:00),13.0_77.555,13.0,77.555,8.137209
2024-04-10,night (22:00-06:00),12.93_77.685,12.93,77.685,7.559106
2024-04-10,night (22:00-06:00),12.995_77.57,12.995,77.57,7.535582
2024-04-10,night (22:00-06:00),13.0_77.68,13.0,77.68,7.332822
2024-04-10,night (22:00-06:00),12.99_77.6,12.99,77.6,7.1661825
2024-04-10,night (22:00-06:00),13.03_77.54,13.03,77.54,6.8951797
2024-04-10,night (22:00-06:00),12.885_77.64,12.885,77.64,6.843497
2024-04-10,night (22:00-06:00),13.045_77.575,13.045,77.575,6.7892394
2024-04-10,night (22:00-06:00),12.925_77.675,12.925,77.675,6.769121
2024-04-10,night (22:00-06:00),13.05_77.575,13.05,77.575,6.704842
2024-04-10,night (22:00-06:00),13.015_77.555,13.015,77.555,6.523323
2024-04-10,night (22:00-06:00),12.905_77.63,12.905,77.63,6.2829733
2024-04-10,night (22:00-06:00),12.99_77.59,12.99,77.59,6.240384
2024-04-10,night (22:00-06:00),13.01_77.57,13.01,77.57,6.1459875
2024-04-10,night (22:00-06:00),12.99_77.55,12.99,77.55,6.0294905
2024-04-10,night (22:00-06:00),12.97_77.535,12.97,77.535,6.025883
2024-04-10,night (22:00-06:00),12.995_77.55,12.995,77.55,5.9942164
2024-04-10,night (22:00-06:00),13.005_77.55,13.005,77.55,5.905416
2024-04-10,night (22:00-06:00),12.96_77.585,12.96,77.585,5.901243
2024-04-10,night (22:00-06:00),13.02_77.53,13.02,77.53,5.779496
2024-04-10,night (22:00-06:00),12.955_77.585,12.955,77.585,5.6338906
2024-04-10,night (22:00-06:00),12.93_77.585,12.93,77.585,5.4934855
2024-04-10,night (22:00-06:00),12.945_77.595,12.945,77.595,5.232651
2024-04-10,night (22:00-06:00),12.995_77.59,12.995,77.59,5.1370125
2024-04-10,night (22:00-06:00),12.985_77.55,12.985,77.55,5.1102095
2024-04-10,night (22:00-06:00),12.99_77.575,12.99,77.575,5.0869565
2024-04-10,night (22:00-06:00),12.98_77.695,12.98,77.695,5.0018196
2024-04-10,night (22:00-06:00),12.93_77.58,12.93,77.58,4.9450703
2024-04-10,night (22:00-06:00),12.99_77.57,12.99,77.57,4.915559
2024-04-10,night (22:00-06:00),12.97_77.58,12.97,77.58,4.9019217
2024-04-10,night (22:00-06:00),12.965_77.555,12.965,77.555,4.729893
2024-04-10,night (22:00-06:00),12.94_77.585,12.94,77.585,4.708005
2024-04-10,night (22:00-06:00),12.925_77.585,12.925,77.585,4.7036324
2024-04-10,night (22:00-06:00),12.84_77.645,12.84,77.645,4.653377
2024-04-10,night (22:00-06:00),12.97_77.6,12.97,77.6,4.5947065
2024-04-10,night (22:00-06:00),12.895_77.635,12.895,77.635,4.544084
2024-04-10,night (22:00-06:00),12.975_77.615,12.975,77.615,4.5191917
2024-04-10,night (22:00-06:00),12.965_77.535,12.965,77.535,4.3846617
2024-04-10,night (22:00-06:00),12.96_77.7,12.96,77.7,4.3305182
2024-04-10,night (22:00-06:00),12.955_77.7,12.955,77.7,4.276873
2024-04-10,night (22:00-06:00),12.9_77.675,12.9,77.675,4.2492056
2024-04-10,night (22:00-06:00),12.97_77.62,12.97,77.62,4.2098107
2024-04-10,night (22:00-06:00),12.995_77.615,12.995,77.615,4.142687
2024-04-10,night (22:00-06:00),12.96_77.645,12.96,77.645,4.126359
2024-04-10,night (22:00-06:00),12.985_77.58,12.985,77.58,4.0521426
2024-04-10,night (22:00-06:00),12.97_77.595,12.97,77.595,3.9716787
2024-04-10,night (22:00-06:00),12.975_77.62,12.975,77.62,3.8203595
2024-04-10,night (22:00-06:00),12.96_77.65,12.96,77.65,3.818553
2024-04-10,night (22:00-06:00),12.89_77.64,12.89,77.64,3.769363
2024-04-10,night (22:00-06:00),12.87_77.655,12.87,77.655,3.6102479
2024-04-10,night (22:00-06:00),12.995_77.565,12.995,77.565,3.5897706
2024-04-10,night (22:00-06:00),12.915_77.575,12.915,77.575,3.5255256
2024-04-10,night (22:00-06:00),12.925_77.62,12.925,77.62,3.516274
2024-04-10,night (22:00-06:00),12.995_77.61,12.995,77.61,3.342898
2024-04-10,night (22:00-06:00),12.995_77.665,12.995,77.665,3.265321
2024-04-10,night (22:00-06:00),13.005_77.685,13.005,77.685,3.0592697
2024-04-10,night (22:00-06:00),12.965_77.72,12.965,77.72,2.8617225
2024-04-10,night (22:00-06:00),12.97_77.645,12.97,77.645,2.783163
2024-04-10,night (22:00-06:00),12.975_77.625,12.975,77.625,2.747189
2024-04-10,night (22:00-06:00),12.985_77.6,12.985,77.6,2.7047822
2024-04-10,night (22:00-06:00),13.19_77.645,13.19,77.645,2.702624
2024-04-10,night (22:00-06:00),12.97_77.66,12.97,77.66,2.6340559
2024-04-10,night (22:00-06:00),12.965_77.64,12.965,77.64,2.5721178
2024-04-10,night (22:00-06:00),12.99_77.54,12.99,77.54,2.560503
2024-04-10,night (22:00-06:00),12.98_77.615,12.98,77.615,2.4760659
2024-04-10,night (22:00-06:00),12.96_77.53,12.96,77.53,2.453547
2024-04-10,night (22:00-06:00),13.0_77.61,13.0,77.61,2.3563907
2024-04-10,night (22:00-06:00),13.0_77.54,13.0,77.54,2.3140488
2024-04-10,night (22:00-06:00),13.025_77.585,13.025,77.585,2.3015075
2024-04-10,night (22:00-06:00),12.97_77.64,12.97,77.64,2.272274
2024-04-10,night (22:00-06:00),12.96_77.51,12.96,77.51,2.2602067
2024-04-10,night (22:00-06:00),13.19_77.68,13.19,77.68,2.2473645
2024-04-10,night (22:00-06:00),12.96_77.715,12.96,77.715,2.2265255
2024-04-10,night (22:00-06:00),12.97_77.59,12.97,77.59,2.1964428
2024-04-10,night (22:00-06:00),12.96_77.595,12.96,77.595,2.1582286
2024-04-10,night (22:00-06:00),13.035_77.625,13.035,77.625,2.1516101
2024-04-10,night (22:00-06:00),13.03_77.575,13.03,77.575,2.149743
2024-04-10,night (22:00-06:00),12.97_77.605,12.97,77.605,2.133892
2024-04-10,night (22:00-06:00),13.05_77.595,13.05,77.595,2.131282
2024-04-10,night (22:00-06:00),12.98_77.555,12.98,77.555,2.1025038
2024-04-10,night (22:00-06:00),12.975_77.61,12.975,77.61,2.0641377
2024-04-10,night (22:00-06:00),12.975_77.59,12.975,77.59,2.0360162
2024-04-10,night (22:00-06:00),12.97_77.71,12.97,77.71,2.0306408
2024-04-10,night (22:00-06:00),13.07_77.585,13.07,77.585,2.0297534
2024-04-10,night (22:00-06:00),12.91_77.64,12.91,77.64,2.0211127
2024-04-10,night (22:00-06:00),12.93_77.69,12.93,77.69,2.019604
2024-04-10,night (22:00-06:00),13.095_77.6,13.095,77.6,1.9948854
2024-04-10,night (22:00-06:00),12.91_77.635,12.91,77.635,1.9927613
2024-04-10,night (22:00-06:00),12.875_77.595,12.875,77.595,1.9729729
2024-04-10,night (22:00-06:00),12.98_77.56,12.98,77.56,1.9662364
2024-04-10,night (22:00-06:00),12.945_77.7,12.945,77.7,1.9365722
2024-04-10,night (22:00-06:00),13.03_77.535,13.03,77.535,1.917258
2024-04-10,night (22:00-06:00),12.96_77.6,12.96,77.6,1.9017539
2024-04-10,night (22:00-06:00),12.95_77.54,12.95,77.54,1.899564
2024-04-10,night (22:00-06:00),12.91_77.6,12.91,77.6,1.8990016
2024-04-10,night (22:00-06:00),12.995_77.66,12.995,77.66,1.896621
2024-04-10,night (22:00-06:00),12.935_77.585,12.935,77.585,1.8510991
2024-04-10,night (22:00-06:00),12.975_77.54,12.975,77.54,1.8321037
2024-04-10,night (22:00-06:00),12.985_77.575,12.985,77.575,1.8242189
2024-04-10,night (22:00-06:00),12.94_77.7,12.94,77.7,1.6499225
2024-04-10,night (22:00-06:00),12.98_77.64,12.98,77.64,1.4840535
2024-04-10,night (22:00-06:00),12.97_77.545,12.97,77.545,1.4772998
2024-04-10,night (22:00-06:00),12.965_77.715,12.965,77.715,1.3961031
2024-04-10,night (22:00-06:00),13.065_77.59,13.065,77.59,1.353925
2024-04-10,night (22:00-06:00),12.915_77.605,12.915,77.605,1.1310093
2024-04-10,night (22:00-06:00),13.095_77.595,13.095,77.595,1.0697758
2024-04-10,night (22:00-06:00),12.915_77.635,12.915,77.635,0.7466856
2024-04-11,evening (14:00-22:00),12.98_77.61,12.98,77.61,14.76245
2024-04-11,evening (14:00-22:00),12.965_77.575,12.965,77.575,12.115161
2024-04-11,evening (14:00-22:00),12.975_77.58,12.975,77.58,8.63568
2024-04-11,evening (14:00-22:00),12.98_77.575,12.98,77.575,8.231925
2024-04-11,evening (14:00-22:00),13.01_77.555,13.01,77.555,7.572997
2024-04-11,evening (14:00-22:00),13.185_77.68,13.185,77.68,7.3883705
2024-04-11,evening (14:00-22:00),12.975_77.575,12.975,77.575,7.2793684
2024-04-11,evening (14:00-22:00),13.01_77.695,13.01,77.695,6.439515
2024-04-11,evening (14:00-22:00),13.07_77.59,13.07,77.59,5.390052
2024-04-11,evening (14:00-22:00),12.985_77.61,12.985,77.61,5.377357
2024-04-11,evening (14:00-22:00),12.985_77.605,12.985,77.605,5.008607
2024-04-11,evening (14:00-22:00),12.96_77.575,12.96,77.575,4.949857
2024-04-11,evening (14:00-22:00),13.0_77.55,13.0,77.55,4.8551464
2024-04-11,evening (14:00-22:00),12.935_77.615,12.935,77.615,4.8447657
2024-04-11,evening (14:00-22:00),12.995_77.67,12.995,77.67,4.3459225
2024-04-11,evening (14:00-22:00),12.95_77.7,12.95,77.7,3.9985597
2024-04-11,evening (14:00-22:00),12.935_77.69,12.935,77.69,3.9854589
2024-04-11,evening (14:00-22:00),12.975_77.55,12.975,77.55,3.8744347
2024-04-11,evening (14:00-22:00),12.975_77.545,12.975,77.545,3.6865234
2024-04-11,evening (14:00-22:00),12.96_77.58,12.96,77.58,3.5802298
2024-04-11,evening (14:00-22:00),12.98_77.605,12.98,77.605,3.5432658
2024-04-11,evening (14:00-22:00),12.965_77.72,12.965,77.72,3.5200584
2024-04-11,evening (14:00-22:00),12.965_77.58,12.965,77.58,3.458679
2024-04-11,evening (14:00-22:00),12.945_77.57,12.945,77.57,3.3201082
2024-04-11,evening (14:00-22:00),13.015_77.555,13.015,77.555,3.2913022
2024-04-11,evening (14:00-22:00),12.965_77.585,12.965,77.585,3.2031186
2024-04-11,evening (14:00-22:00),12.995_77.695,12.995,77.695,3.1826117
2024-04-11,evening (14:00-22:00),13.01_77.55,13.01,77.55,2.9191678
2024-04-11,evening (14:00-22:00),12.965_77.54,12.965,77.54,2.890733
2024-04-11,evening (14:00-22:00),12.98_77.58,12.98,77.58,2.8855026
2024-04-11,evening (14:00-22:00),12.97_77.575,12.97,77.575,2.818725
2024-04-11,evening (14:00-22:00),12.94_77.695,12.94,77.695,2.7624145
2024-04-11,evening (14:00-22:00),12.995_77.555,12.995,77.555,2.7577672
2024-04-11,evening (14:00-22:00),13.0_77.57,13.0,77.57,2.647133
2024-04-11,evening (14:00-22:00),13.005_77.57,13.005,77.57,2.6415055
2024-04-11,evening (14:00-22:00),12.975_77.57,12.975,77.57,2.6289387
2024-04-11,evening (14:00-22:00),12.985_77.555,12.985,77.555,2.6062083
2024-04-11,evening (14:00-22:00),13.035_77.59,13.035,77.59,2.530575
2024-04-11,evening (14:00-22:00),13.0_77.675,13.0,77.675,2.4948518
2024-04-11,evening (14:00-22:00),12.975_77.56,12.975,77.56,2.1120617
2024-04-11,evening (14:00-22:00),12.98_77.6,12.98,77.6,2.0818825
2024-04-11,evening (14:00-22:00),12.955_77.545,12.955,77.545,1.9409623
2024-04-11,evening (14:00-22:00),13.0_77.555,13.0,77.555,1.8712934
2024-04-11,evening (14:00-22:00),12.93_77.685,12.93,77.685,1.7843105
2024-04-11,evening (14:00-22:00),12.995_77.66,12.995,77.66,1.6689491
2024-04-11,evening (14:00-22:00),12.99_77.555,12.99,77.555,1.6559052
2024-04-11,evening (14:00-22:00),12.995_77.57,12.995,77.57,1.6292437
2024-04-11,evening (14:00-22:00),12.84_77.645,12.84,77.645,1.6071752
2024-04-11,evening (14:00-22:00),12.96_77.53,12.96,77.53,1.5444617
2024-04-11,evening (14:00-22:00),13.01_77.57,13.01,77.57,1.4495656
2024-04-11,evening (14:00-22:00),12.905_77.63,12.905,77.63,1.3084148
2024-04-11,evening (14:00-22:00),12.995_77.665,12.995,77.665,1.2209553
2024-04-11,evening (14:00-22:00),12.995_77.55,12.995,77.55,1.1996217
2024-04-11,evening (14:00-22:00),12.94_77.585,12.94,77.585,1.1882247
2024-04-11,evening (14:00-22:00),12.99_77.55,12.99,77.55,1.0713382
2024-04-11,evening (14:00-22:00),13.005_77.685,13.005,77.685,1.0624236
2024-04-11,evening (14:00-22:00),12.97_77.535,12.97,77.535,1.0465028
2024-04-11,evening (14:00-22:00),12.99_77.59,12.99,77.59,0.81135935
2024-04-11,evening (14:00-22:00),12.93_77.585,12.93,77.585,0.73296344
2024-04-11,evening (14:00-22:00),12.98_77.615,12.98,77.615,0.7056372
2024-04-11,evening (14:00-22:00),12.97_77.58,12.97,77.58,0.6631384
2024-04-11,evening (14:00-22:00),12.93_77.58,12.93,77.58,0.6564647
2024-04-11,evening (14:00-22:00),13.005_77.55,13.005,77.55,0.62681895
2024-04-11,evening (14:00-22:00),12.97_77.6,12.97,77.6,0.5771897
2024-04-11,evening (14:00-22:00),13.02_77.53,13.02,77.53,0.5695347
2024-04-11,evening (14:00-22:00),12.91_77.64,12.91,77.64,0.5572809
2024-04-11,evening (14:00-22:00),12.99_77.575,12.99,77.575,0.52552885
2024-04-11,evening (14:00-22:00),13.025_77.585,13.025,77.585,0.52271175
2024-04-11,evening (14:00-22:00),12.99_77.54,12.99,77.54,0.5211546
2024-04-11,evening (14:00-22:00),12.925_77.62,12.925,77.62,0.51926154
2024-04-11,evening (14:00-22:00),12.97_77.645,12.97,77.645,0.503357
2024-04-11,evening (14:00-22:00),13.19_77.645,13.19,77.645,0.50300676
2024-04-11,evening (14:00-22:00),12.965_77.555,12.965,77.555,0.4975957
2024-04-11,evening (14:00-22:00),12.985_77.6,12.985,77.6,0.4869437
2024-04-11,evening (14:00-22:00),12.985_77.55,12.985,77.55,0.48495752
2024-04-11,evening (14:00-22:00),12.955_77.585,12.955,77.585,0.4796056
2024-04-11,evening (14:00-22:00),12.975_77.615,12.975,77.615,0.478348
2024-04-11,evening (14:00-22:00),12.925_77.585,12.925,77.585,0.47175398
2024-04-11,evening (14:00-22:00),12.965_77.535,12.965,77.535,0.46881637
2024-04-11,evening (14:00-22:00),12.965_77.64,12.965,77.64,0.45952013
2024-04-11,evening (14:00-22:00),12.925_77.675,12.925,77.675,0.45492494
2024-04-11,evening (14:00-22:00),12.975_77.62,12.975,77.62,0.43891478
2024-04-11,evening (14:00-22:00),12.97_77.66,12.97,77.66,0.43705568
2024-04-11,evening (14:00-22:00),12.945_77.595,12.945,77.595,0.43255144
2024-04-11,evening (14:00-22:00),13.0_77.54,13.0,77.54,0.43164107
2024-04-11,evening (14:00-22:00),12.91_77.635,12.91,77.635,0.42807287
2024-04-11,evening (14:00-22:00),12.99_77.6,12.99,77.6,0.4245189
2024-04-11,evening (14:00-22:00),12.985_77.58,12.985,77.58,0.41983446
2024-04-11,evening (14:00-22:00),12.975_77.61,12.975,77.61,0.41777295
2024-04-11,evening (14:00-22:00),12.95_77.54,12.95,77.54,0.41284248
2024-04-11,evening (14:00-22:00),12.96_77.585,12.96,77.585,0.4106391
2024-04-11,evening (14:00-22:00),12.915_77.635,12.915,77.635,0.40995815
2024-04-11,evening (14:00-22:00),12.935_77.585,12.935,77.585,0.40637383
2024-04-11,evening (14:00-22:00),12.97_77.64,12.97,77.64,0.4052036
2024-04-11,evening (14:00-22:00),12.995_77.615,12.995,77.615,0.3788816
2024-04-11,evening (14:00-22:00),13.03_77.54,13.03,77.54,0.37204802
2024-04-11,evening (14:00-22:00),12.89_77.64,12.89,77.64,0.37097234
2024-04-11,evening (14:00-22:00),13.07_77.585,13.07,77.585,0.3701846
2024-04-11,evening (14:00-22:00),12.9_77.675,12.9,77.675,0.3510063
2024-04-11,evening (14:00-22:00),12.97_77.595,12.97,77.595,0.34027955
2024-04-11,evening (14:00-22:00),13.0_77.61,13.0,77.61,0.3373928
2024-04-11,evening (14:00-22:00),12.96_77.51,12.96,77.51,0.3344372
2024-04-11,evening (14:00-22:00),12.87_77.655,12.87,77.655,0.32860082
2024-04-11,evening (14:00-22:00),13.05_77.575,13.05,77.575,0.32738197
2024-04-11,evening (14:00-22:00),12.96_77.715,12.96,77.715,0.31881514
2024-04-11,evening (14:00-22:00),12.97_77.605,12.97,77.605,0.3172385
2024-04-11,evening (14:00-22:00),12.98_77.555,12.98,77.555,0.31261665
2024-04-11,evening (14:00-22:00),12.955_77.7,12.955,77.7,0.31039548
2024-04-11,evening (14:00-22:00),12.995_77.565,12.995,77.565,0.30568817
2024-04-11,evening (14:00-22:00),12.96_77.65,12.96,77.65,0.30275753
2024-04-11,evening (14:00-22:00),12.93_77.68,12.93,77.68,0.29172337
2024-04-11,evening (14:00-22:00),12.98_77.695,12.98,77.695,0.28577837
2024-04-11,evening (14:00-22:00),13.03_77.575,13.03,77.575,0.28467637
2024-04-11,evening (14:00-22:00),13.03_77.535,13.03,77.535,0.26985002
2024-04-11,evening (14:00-22:00),12.975_77.625,12.975,77.625,0.26814416
2024-04-11,evening (14:00-22:00),12.985_77.575,12.985,77.575,0.26795706
2024-04-11,evening (14:00-22:00),12.97_77.59,12.97,77.59,0.2655809
2024-04-11,evening (14:00-22:00),12.96_77.7,12.96,77.7,0.26260966
2024-04-11,evening (14:00-22:00),12.96_77.6,12.96,77.6,0.2623339
2024-04-11,evening (14:00-22:00),12.885_77.64,12.885,77.64,0.26089382
2024-04-11,evening (14:00-22:00),12.995_77.59,12.995,77.59,0.255686
2024-04-11,evening (14:00-22:00),12.96_77.645,12.96,77.645,0.2476826
2024-04-11,evening (14:00-22:00),12.925_77.68,12.925,77.68,0.2371499
2024-04-11,evening (14:00-22:00),12.91_77.6,12.91,77.6,0.23587942
2024-04-11,evening (14:00-22:00),13.065_77.59,13.065,77.59,0.23585722
2024-04-11,evening (14:00-22:00),13.045_77.575,13.045,77.575,0.23559995
2024-04-11,evening (14:00-22:00),12.94_77.7,12.94,77.7,0.2334103
2024-04-11,evening (14:00-22:00),12.98_77.56,12.98,77.56,0.22897448
2024-04-11,evening (14:00-22:00),12.995_77.61,12.995,77.61,0.22184153
2024-04-11,evening (14:00-22:00),12.915_77.575,12.915,77.575,0.21906476
2024-04-11,evening (14:00-22:00),12.98_77.64,12.98,77.64,0.21455273
2024-04-11,evening (14:00-22:00),13.19_77.68,13.19,77.68,0.211995
2024-04-11,evening (14:00-22:00),12.93_77.69,12.93,77.69,0.20320787
2024-04-11,evening (14:00-22:00),13.0_77.68,13.0,77.68,0.20070887
2024-04-11,evening (14:00-22:00),12.975_77.54,12.975,77.54,0.19806536
2024-04-11,evening (14:00-22:00),12.97_77.71,12.97,77.71,0.19648
2024-04-11,evening (14:00-22:00),13.05_77.595,13.05,77.595,0.18853833
2024-04-11,evening (14:00-22:00),12.99_77.57,12.99,77.57,0.17035192
2024-04-11,evening (14:00-22:00),12.895_77.635,12.895,77.635,0.16552731
2024-04-11,evening (14:00-22:00),12.875_77.595,12.875,77.595,0.16449828
2024-04-11,evening (14:00-22:00),12.97_77.62,12.97,77.62,0.16060688
2024-04-11,evening (14:00-22:00),13.095_77.595,13.095,77.595,0.15281676
2024-04-11,evening (14:00-22:00),12.975_77.59,12.975,77.59,0.1469137
2024-04-11,evening (14:00-22:00),13.095_77.6,13.095,77.6,0.1436213
2024-04-11,evening (14:00-22:00),12.915_77.605,12.915,77.605,0.13076052
2024-04-11,evening (14:00-22:00),12.97_77.545,12.97,77.545,0.12546422
2024-04-11,evening (14:00-22:00),13.035_77.625,13.035,77.625,0.11385814
2024-04-11,evening (14:00-22:00),12.965_77.715,12.965,77.715,0.113817856
2024-04-11,evening (14:00-22:00),12.945_77.7,12.945,77.7,0.1054087
2024-04-11,evening (14:00-22:00),12.96_77.595,12.96,77.595,0.07036518
2024-04-11,morning (06:00-14:00),12.975_77.58,12.975,77.58,255.68588
2024-04-11,morning (06:00-14:00),12.98_77.61,12.98,77.61,245.63846
2024-04-11,morning (06:00-14:00),12.975_77.575,12.975,77.575,236.13763
2024-04-11,morning (06:00-14:00),12.98_77.575,12.98,77.575,231.91136
2024-04-11,morning (06:00-14:00),13.01_77.555,13.01,77.555,192.66258
2024-04-11,morning (06:00-14:00),12.965_77.575,12.965,77.575,169.90419
2024-04-11,morning (06:00-14:00),13.0_77.55,13.0,77.55,158.60258
2024-04-11,morning (06:00-14:00),12.965_77.58,12.965,77.58,126.679794
2024-04-11,morning (06:00-14:00),12.935_77.69,12.935,77.69,125.889755
2024-04-11,morning (06:00-14:00),12.985_77.605,12.985,77.605,115.7049
2024-04-11,morning (06:00-14:00),13.07_77.59,13.07,77.59,115.310104
2024-04-11,morning (06:00-14:00),12.975_77.545,12.975,77.545,110.48351
2024-04-11,morning (06:00-14:00),12.97_77.575,12.97,77.575,109.106476
2024-04-11,morning (06:00-14:00),12.94_77.695,12.94,77.695,105.70618
2024-04-11,morning (06:00-14:00),12.98_77.605,12.98,77.605,103.81773
2024-04-11,morning (06:00-14:00),12.98_77.58,12.98,77.58,101.679985
2024-04-11,morning (06:00-14:00),13.185_77.68,13.185,77.68,99.97529
2024-04-11,morning (06:00-14:00),12.995_77.67,12.995,77.67,98.99011
2024-04-11,morning (06:00-14:00),12.965_77.585,12.965,77.585,98.65609
2024-04-11,morning (06:00-14:00),13.01_77.55,13.01,77.55,91.262344
2024-04-11,morning (06:00-14:00),12.975_77.55,12.975,77.55,89.29315
2024-04-11,morning (06:00-14:00),13.01_77.695,13.01,77.695,85.86725
2024-04-11,morning (06:00-14:00),13.0_77.57,13.0,77.57,82.00333
2024-04-11,morning (06:00-14:00),12.985_77.61,12.985,77.61,81.98736
2024-04-11,morning (06:00-14:00),12.945_77.57,12.945,77.57,77.69663
2024-04-11,morning (06:00-14:00),12.96_77.575,12.96,77.575,69.493965
2024-04-11,morning (06:00-14:00),13.005_77.57,13.005,77.57,68.70167
2024-04-11,morning (06:00-14:00),12.96_77.58,12.96,77.58,66.237
2024-04-11,morning (06:00-14:00),12.935_77.615,12.935,77.615,61.73717
2024-04-11,morning (06:00-14:00),13.035_77.59,13.035,77.59,61.084488
2024-04-11,morning (06:00-14:00),12.965_77.54,12.965,77.54,59.47189
2024-04-11,morning (06:00-14:00),12.985_77.555,12.985,77.555,59.43986
2024-04-11,morning (06:00-14:00),12.93_77.685,12.93,77.685,58.03672
2024-04-11,morning (06:00-14:00),12.995_77.695,12.995,77.695,55.95489
2024-04-11,morning (06:00-14:00),13.0_77.675,13.0,77.675,53.397785
2024-04-11,morning (06:00-14:00),13.0_77.555,13.0,77.555,51.735825
2024-04-11,morning (06:00-14:00),12.95_77.7,12.95,77.7,51.045143
2024-04-11,morning (06:00-14:00),12.98_77.6,12.98,77.6,50.665604
2024-04-11,morning (06:00-14:00),12.975_77.56,12.975,77.56,50.41231
2024-04-11,morning (06:00-14:00),12.975_77.57,12.975,77.57,49.939404
2024-04-11,morning (06:00-14:00),12.99_77.555,12.99,77.555,47.95882
2024-04-11,morning (06:00-14:00),13.015_77.555,13.015,77.555,47.19069
2024-04-11,morning (06:00-14:00),12.955_77.545,12.955,77.545,45.704124
2024-04-11,morning (06:00-14:00),12.965_77.72,12.965,77.72,45.611618
2024-04-11,morning (06:00-14:00),12.995_77.555,12.995,77.555,45.35848
2024-04-11,morning (06:00-14:00),12.995_77.55,12.995,77.55,45.329445
2024-04-11,morning (06:00-14:00),13.01_77.57,13.01,77.57,43.917015
2024-04-11,morning (06:00-14:00),12.995_77.57,12.995,77.57,42.384968
2024-04-11,morning (06:00-14:00),12.97_77.535,12.97,77.535,42.107952
2024-04-11,morning (06:00-14:00),12.96_77.53,12.96,77.53,37.474144
2024-04-11,morning (06:00-14:00),12.905_77.63,12.905,77.63,36.439297
2024-04-11,morning (06:00-14:00),13.005_77.685,13.005,77.685,34.92621
2024-04-11,morning (06:00-14:00),12.84_77.645,12.84,77.645,31.659115
2024-04-11,morning (06:00-14:00),12.99_77.55,12.99,77.55,31.406635
2024-04-11,morning (06:00-14:00),12.99_77.59,12.99,77.59,29.782785
2024-04-11,morning (06:00-14:00),12.94_77.585,12.94,77.585,28.560587
2024-04-11,morning (06:00-14:00),12.93_77.585,12.93,77.585,27.517323
2024-04-11,morning (06:00-14:00),12.97_77.58,12.97,77.58,26.882023
2024-04-11,morning (06:00-14:00),12.98_77.615,12.98,77.615,26.2771
2024-04-11,morning (06:00-14:00),12.925_77.62,12.925,77.62,25.716215
2024-04-11,morning (06:00-14:00),12.99_77.575,12.99,77.575,25.368126
2024-04-11,morning (06:00-14:00),13.005_77.55,13.005,77.55,25.308762
2024-04-11,morning (06:00-14:00),12.93_77.58,12.93,77.58,25.035164
2024-04-11,morning (06:00-14:00),13.02_77.53,13.02,77.53,24.604216
2024-04-11,morning (06:00-14:00),12.97_77.66,12.97,77.66,23.845558
2024-04-11,morning (06:00-14:00),12.97_77.6,12.97,77.6,23.841377
2024-04-11,morning (06:00-14:00),12.925_77.675,12.925,77.675,23.309387
2024-04-11,morning (06:00-14:00),12.955_77.585,12.955,77.585,23.27521
2024-04-11,morning (06:00-14:00),13.19_77.645,13.19,77.645,23.254688
2024-04-11,morning (06:00-14:00),13.025_77.585,13.025,77.585,23.219477
2024-04-11,morning (06:00-14:00),12.975_77.615,12.975,77.615,22.860481
2024-04-11,morning (06:00-14:00),12.99_77.54,12.99,77.54,22.77995
2024-04-11,morning (06:00-14:00),12.985_77.55,12.985,77.55,22.654171
2024-04-11,morning (06:00-14:00),12.99_77.6,12.99,77.6,22.54181
2024-04-11,morning (06:00-14:00),12.985_77.58,12.985,77.58,22.516665
2024-04-11,morning (06:00-14:00),12.985_77.6,12.985,77.6,21.83073
2024-04-11,morning (06:00-14:00),12.965_77.64,12.965,77.64,21.579168
2024-04-11,morning (06:00-14:00),12.97_77.645,12.97,77.645,21.471697
2024-04-11,morning (06:00-14:00),12.96_77.585,12.96,77.585,21.471493
2024-04-11,morning (06:00-14:00),13.0_77.54,13.0,77.54,20.77358
2024-04-11,morning (06:00-14:00),12.965_77.535,12.965,77.535,20.429901
2024-04-11,morning (06:00-14:00),12.925_77.585,12.925,77.585,20.247486
2024-04-11,morning (06:00-14:00),12.98_77.695,12.98,77.695,20.16606
2024-04-11,morning (06:00-14:00),12.96_77.645,12.96,77.645,19.936094
2024-04-11,morning (06:00-14:00),12.995_77.615,12.995,77.615,19.721071
2024-04-11,morning (06:00-14:00),12.96_77.7,12.96,77.7,19.570217
2024-04-11,morning (06:00-14:00),12.955_77.7,12.955,77.7,19.293804
2024-04-11,morning (06:00-14:00),12.995_77.59,12.995,77.59,18.459053
2024-04-11,morning (06:00-14:00),12.965_77.555,12.965,77.555,17.835852
2024-04-11,morning (06:00-14:00),12.96_77.65,12.96,77.65,17.0487
2024-04-11,morning (06:00-14:00),12.975_77.62,12.975,77.62,16.759306
2024-04-11,morning (06:00-14:00),13.03_77.575,13.03,77.575,15.876905
2024-04-11,morning (06:00-14:00),12.925_77.68,12.925,77.68,15.540014
2024-04-11,morning (06:00-14:00),13.0_77.61,13.0,77.61,14.913432
2024-04-11,morning (06:00-14:00),13.07_77.585,13.07,77.585,14.812119
2024-04-11,morning (06:00-14:00),12.995_77.665,12.995,77.665,14.555354
2024-04-11,morning (06:00-14:00),13.0_77.68,13.0,77.68,14.532177
2024-04-11,morning (06:00-14:00),12.91_77.64,12.91,77.64,14.431435
2024-04-11,morning (06:00-14:00),12.93_77.69,12.93,77.69,14.280683
2024-04-11,morning (06:00-14:00),12.97_77.64,12.97,77.64,14.090641
2024-04-11,morning (06:00-14:00),13.05_77.575,13.05,77.575,13.963562
2024-04-11,morning (06:00-14:00),12.97_77.59,12.97,77.59,13.547561
2024-04-11,morning (06:00-14:00),12.96_77.51,12.96,77.51,13.4595175
2024-04-11,morning (06:00-14:00),12.87_77.655,12.87,77.655,13.402059
2024-04-11,morning (06:00-14:00),12.945_77.595,12.945,77.595,13.40146
2024-04-11,morning (06:00-14:00),12.97_77.595,12.97,77.595,13.356172
2024-04-11,morning (06:00-14:00),12.975_77.625,12.975,77.625,13.154901
2024-04-11,morning (06:00-14:00),12.98_77.56,12.98,77.56,13.108558
2024-04-11,morning (06:00-14:00),12.93_77.68,12.93,77.68,13.096986
2024-04-11,morning (06:00-14:00),12.96_77.715,12.96,77.715,12.876441
2024-04-11,morning (06:00-14:00),12.89_77.64,12.89,77.64,12.821572
2024-04-11,morning (06:00-14:00),12.985_77.575,12.985,77.575,12.735683
2024-04-11,morning (06:00-14:00),12.975_77.54,12.975,77.54,12.708414
2024-04-11,morning (06:00-14:00),12.98_77.555,12.98,77.555,12.615677
2024-04-11,morning (06:00-14:00),12.91_77.635,12.91,77.635,12.610066
2024-04-11,morning (06:00-14:00),12.975_77.61,12.975,77.61,12.593708
2024-04-11,morning (06:00-14:00),12.95_77.54,12.95,77.54,12.39777
2024-04-11,morning (06:00-14:00),12.91_77.6,12.91,77.6,12.35947
2024-04-11,morning (06:00-14:00),12.98_77.64,12.98,77.64,12.300863
2024-04-11,morning (06:00-14:00),13.03_77.535,13.03,77.535,11.960245
2024-04-11,morning (06:00-14:00),12.97_77.605,12.97,77.605,11.811249
2024-04-11,morning (06:00-14:00),12.885_77.64,12.885,77.64,11.564699
2024-04-11,morning (06:00-14:00),12.9_77.675,12.9,77.675,11.370049
2024-04-11,morning (06:00-14:00),12.99_77.57,12.99,77.57,10.375548
2024-04-11,morning (06:00-14:00),12.995_77.61,12.995,77.61,10.028307
2024-04-11,morning (06:00-14:00),12.995_77.565,12.995,77.565,9.978779
2024-04-11,morning (06:00-14:00),12.96_77.6,12.96,77.6,9.35935
2024-04-11,morning (06:00-14:00),12.915_77.575,12.915,77.575,9.2913685
2024-04-11,morning (06:00-14:00),12.94_77.7,12.94,77.7,9.218045
2024-04-11,morning (06:00-14:00),13.03_77.54,13.03,77.54,8.938562
2024-04-11,morning (06:00-14:00),12.875_77.595,12.875,77.595,8.4742775
2024-04-11,morning (06:00-14:00),13.045_77.575,13.045,77.575,8.317415
2024-04-11,morning (06:00-14:00),12.97_77.71,12.97,77.71,8.149562
2024-04-11,morning (06:00-14:00),13.05_77.595,13.05,77.595,8.001825
2024-04-11,morning (06:00-14:00),13.19_77.68,13.19,77.68,7.9472065
2024-04-11,morning (06:00-14:00),12.995_77.66,12.995,77.66,6.974547
2024-04-11,morning (06:00-14:00),12.935_77.585,12.935,77.585,6.6245317
2024-04-11,morning (06:00-14:00),12.975_77.59,12.975,77.59,6.4102006
2024-04-11,morning (06:00-14:00),12.97_77.545,12.97,77.545,5.9492064
2024-04-11,morning (06:00-14:00),12.895_77.635,12.895,77.635,5.363769
2024-04-11,morning (06:00-14:00),12.97_77.62,12.97,77.62,5.344451
2024-04-11,morning (06:00-14:00),13.065_77.59,13.065,77.59,3.9614558
2024-04-11,morning (06:00-14:00),12.915_77.605,12.915,77.605,3.3685427
2024-04-11,morning (06:00-14:00),13.095_77.595,13.095,77.595,3.251808
2024-04-11,morning (06:00-14:00),13.095_77.6,13.095,77.6,3.1528602
2024-04-11,morning (06:00-14:00),12.965_77.715,12.965,77.715,3.1026564
2024-04-11,morning (06:00-14:00),12.945_77.7,12.945,77.7,2.9791012
2024-04-11,morning (06:00-14:00),13.035_77.625,13.035,77.625,2.9317222
2024-04-11,morning (06:00-14:00),12.915_77.635,12.915,77.635,2.0484421
2024-04-11,morning (06:00-14:00),12.96_77.595,12.96,77.595,1.5154693
2024-04-11,night (22:00-06:00),12.965_77.575,12.965,77.575,128.16412
2024-04-11,night (22:00-06:00),12.98_77.575,12.98,77.575,70.5655
2024-04-11,night (22:00-06:00),12.975_77.575,12.975,77.575,62.54207
2024-04-11,night (22:00-06:00),12.975_77.58,12.975,77.58,49.89219
2024-04-11,night (22:00-06:00),13.01_77.695,13.01,77.695,49.467808
2024-04-11,night (22:00-06:00),12.935_77.69,12.935,77.69,48.772205
2024-04-11,night (22:00-06:00),12.98_77.58,12.98,77.58,46.10739
2024-04-11,night (22:00-06:00),13.01_77.555,13.01,77.555,45.50781
2024-04-11,night (22:00-06:00),12.965_77.58,12.965,77.58,31.89754
2024-04-11,night (22:00-06:00),13.0_77.55,13.0,77.55,31.43888
2024-04-11,night (22:00-06:00),12.985_77.605,12.985,77.605,30.988056
2024-04-11,night (22:00-06:00),12.995_77.67,12.995,77.67,30.58999
2024-04-11,night (22:00-06:00),12.98_77.605,12.98,77.605,29.035065
2024-04-11,night (22:00-06:00),13.185_77.68,13.185,77.68,28.34545
2024-04-11,night (22:00-06:00),12.97_77.575,12.97,77.575,26.96121
2024-04-11,night (22:00-06:00),13.07_77.59,13.07,77.59,25.542446
2024-04-11,night (22:00-06:00),12.95_77.7,12.95,77.7,22.984137
2024-04-11,night (22:00-06:00),13.0_77.675,13.0,77.675,22.602041
2024-04-11,night (22:00-06:00),12.975_77.545,12.975,77.545,22.544886
2024-04-11,night (22:00-06:00),12.995_77.555,12.995,77.555,21.294323
2024-04-11,night (22:00-06:00),12.965_77.585,12.965,77.585,20.503445
2024-04-11,night (22:00-06:00),12.975_77.55,12.975,77.55,16.023134
2024-04-11,night (22:00-06:00),13.01_77.55,13.01,77.55,15.900776
2024-04-11,night (22:00-06:00),12.935_77.615,12.935,77.615,14.293644
2024-04-11,night (22:00-06:00),12.98_77.6,12.98,77.6,14.17321
2024-04-11,night (22:00-06:00),12.99_77.555,12.99,77.555,13.23181
2024-04-11,night (22:00-06:00),12.96_77.58,12.96,77.58,12.630276
2024-04-11,night (22:00-06:00),13.035_77.59,13.035,77.59,11.83026
2024-04-11,night (22:00-06:00),12.975_77.57,12.975,77.57,11.768044
2024-04-11,night (22:00-06:00),12.985_77.555,12.985,77.555,11.382137
2024-04-11,night (22:00-06:00),12.965_77.54,12.965,77.54,11.299256
2024-04-11,night (22:00-06:00),12.945_77.57,12.945,77.57,11.295837
2024-04-11,night (22:00-06:00),12.94_77.695,12.94,77.695,11.250688
2024-04-11,night (22:00-06:00),12.995_77.695,12.995,77.695,11.244847
2024-04-11,night (22:00-06:00),13.0_77.68,13.0,77.68,10.935761
2024-04-11,night (22:00-06:00),12.96_77.575,12.96,77.575,9.823235
2024-04-11,night (22:00-06:00),13.0_77.57,13.0,77.57,9.764639
2024-04-11,night (22:00-06:00),12.955_77.545,12.955,77.545,9.63575
2024-04-11,night (22:00-06:00),12.985_77.61,12.985,77.61,9.289942
2024-04-11,night (22:00-06:00),12.975_77.56,12.975,77.56,9.204978
2024-04-11,night (22:00-06:00),13.005_77.57,13.005,77.57,8.969919
2024-04-11,night (22:00-06:00),12.965_77.72,12.965,77.72,8.474401
2024-04-11,night (22:00-06:00),13.0_77.555,13.0,77.555,7.9629283
2024-04-11,night (22:00-06:00),12.98_77.61,12.98,77.61,7.8957205
2024-04-11,night (22:00-06:00),12.995_77.55,12.995,77.55,7.8631625
2024-04-11,night (22:00-06:00),13.045_77.575,13.045,77.575,7.442414
2024-04-11,night (22:00-06:00),12.93_77.685,12.93,77.685,7.2946143
2024-04-11,night (22:00-06:00),12.995_77.57,12.995,77.57,7.059256
2024-04-11,night (22:00-06:00),12.925_77.675,12.925,77.675,6.89135
2024-04-11,night (22:00-06:00),13.015_77.555,13.015,77.555,6.7314153
2024-04-11,night (22:00-06:00),12.99_77.6,12.99,77.6,6.433644
2024-04-11,night (22:00-06:00),12.96_77.585,12.96,77.585,6.430953
2024-04-11,night (22:00-06:00),12.97_77.535,12.97,77.535,6.4113984
2024-04-11,night (22:00-06:00),12.99_77.59,12.99,77.59,6.3665953
2024-04-11,night (22:00-06:00),12.905_77.63,12.905,77.63,6.3453336
2024-04-11,night (22:00-06:00),12.925_77.68,12.925,77.68,6.2417216
2024-04-11,night (22:00-06:00),13.01_77.57,13.01,77.57,6.228516
2024-04-11,night (22:00-06:00),12.99_77.55,12.99,77.55,5.8582573
2024-04-11,night (22:00-06:00),12.93_77.68,12.93,77.68,5.8546705
2024-04-11,night (22:00-06:00),12.985_77.55,12.985,77.55,5.7791185
2024-04-11,night (22:00-06:00),13.005_77.55,13.005,77.55,5.7158055
2024-04-11,night (22:00-06:00),13.05_77.575,13.05,77.575,5.680101
2024-04-11,night (22:00-06:00),13.03_77.54,13.03,77.54,5.6207976
2024-04-11,night (22:00-06:00),12.955_77.585,12.955,77.585,5.6130486
2024-04-11,night (22:00-06:00),12.98_77.695,12.98,77.695,5.5829926
2024-04-11,night (22:00-06:00),13.02_77.53,13.02,77.53,5.370842
2024-04-11,night (22:00-06:00),12.93_77.585,12.93,77.585,5.326787
2024-04-11,night (22:00-06:00),12.965_77.535,12.965,77.535,5.301411
2024-04-11,night (22:00-06:00),12.975_77.615,12.975,77.615,5.242573
2024-04-11,night (22:00-06:00),12.995_77.59,12.995,77.59,5.211005
2024-04-11,night (22:00-06:00),12.945_77.595,12.945,77.595,5.0435495
2024-04-11,night (22:00-06:00),12.99_77.575,12.99,77.575,5.0036573
2024-04-11,night (22:00-06:00),12.885_77.64,12.885,77.64,4.951906
2024-04-11,night (22:00-06:00),12.955_77.7,12.955,77.7,4.9072986
2024-04-11,night (22:00-06:00),12.93_77.58,12.93,77.58,4.7020097
2024-04-11,night (22:00-06:00),12.96_77.7,12.96,77.7,4.634676
2024-04-11,night (22:00-06:00),13.095_77.6,13.095,77.6,4.629988
2024-04-11,night (22:00-06:00),12.995_77.615,12.995,77.615,4.586704
2024-04-11,night (22:00-06:00),12.965_77.555,12.965,77.555,4.562518
2024-04-11,night (22:00-06:00),12.94_77.585,12.94,77.585,4.467396
2024-04-11,night (22:00-06:00),12.84_77.645,12.84,77.645,4.466417
2024-04-11,night (22:00-06:00),12.97_77.58,12.97,77.58,4.463324
2024-04-11,night (22:00-06:00),12.97_77.6,12.97,77.6,4.3192873
2024-04-11,night (22:00-06:00),12.96_77.645,12.96,77.645,4.252878
2024-04-11,night (22:00-06:00),12.99_77.57,12.99,77.57,4.24915
2024-04-11,night (22:00-06:00),12.925_77.62,12.925,77.62,4.1473174
2024-04-11,night (22:00-06:00),12.995_77.565,12.995,77.565,4.0764017
2024-04-11,night (22:00-06:00),12.975_77.62,12.975,77.62,3.9090555
2024-04-11,night (22:00-06:00),13.07_77.585,13.07,77.585,3.860687
2024-04-11,night (22:00-06:00),12.925_77.585,12.925,77.585,3.8531399
2024-04-11,night (22:00-06:00),12.985_77.58,12.985,77.58,3.8239868
2024-04-11,night (22:00-06:00),12.895_77.635,12.895,77.635,3.8076842
2024-04-11,night (22:00-06:00),12.97_77.62,12.97,77.62,3.7845082
2024-04-11,night (22:00-06:00),12.96_77.65,12.96,77.65,3.5777655
2024-04-11,night (22:00-06:00),12.995_77.61,12.995,77.61,3.541849
2024-04-11,night (22:00-06:00),12.87_77.655,12.87,77.655,3.4854207
2024-04-11,night (22:00-06:00),12.97_77.66,12.97,77.66,3.4091625
2024-04-11,night (22:00-06:00),13.005_77.685,13.005,77.685,3.2954082
2024-04-11,night (22:00-06:00),12.915_77.575,12.915,77.575,3.2793698
2024-04-11,night (22:00-06:00),13.0_77.61,13.0,77.61,3.1882703
2024-04-11,night (22:00-06:00),12.96_77.53,12.96,77.53,2.8564348
2024-04-11,night (22:00-06:00),12.89_77.64,12.89,77.64,2.845144
2024-04-11,night (22:00-06:00),12.985_77.6,12.985,77.6,2.779724
2024-04-11,night (22:00-06:00),12.91_77.6,12.91,77.6,2.7719774
2024-04-11,night (22:00-06:00),12.9_77.675,12.9,77.675,2.7718554
2024-04-11,night (22:00-06:00),12.975_77.625,12.975,77.625,2.741721
2024-04-11,night (22:00-06:00),12.97_77.595,12.97,77.595,2.7212193
2024-04-11,night (22:00-06:00),12.96_77.6,12.96,77.6,2.711622
2024-04-11,night (22:00-06:00),12.97_77.645,12.97,77.645,2.6858637
2024-04-11,night (22:00-06:00),12.995_77.665,12.995,77.665,2.6722767
2024-04-11,night (22:00-06:00),12.965_77.64,12.965,77.64,2.640686
2024-04-11,night (22:00-06:00),12.98_77.615,12.98,77.615,2.6033986
2024-04-11,night (22:00-06:00),12.99_77.54,12.99,77.54,2.5867639
2024-04-11,night (22:00-06:00),13.025_77.585,13.025,77.585,2.5703263
2024-04-11,night (22:00-06:00),13.0_77.54,13.0,77.54,2.5553248
2024-04-11,night (22:00-06:00),13.19_77.645,13.19,77.645,2.5502813
2024-04-11,night (22:00-06:00),13.065_77.59,13.065,77.59,2.5067737
2024-04-11,night (22:00-06:00),12.96_77.595,12.96,77.595,2.3471043
2024-04-11,night (22:00-06:00),13.03_77.575,13.03,77.575,2.2666628
2024-04-11,night (22:00-06:00),13.19_77.68,13.19,77.68,2.263411
2024-04-11,night (22:00-06:00),12.97_77.64,12.97,77.64,2.2351289
2024-04-11,night (22:00-06:00),12.96_77.715,12.96,77.715,2.2201128
2024-04-11,night (22:00-06:00),12.93_77.69,12.93,77.69,2.1989346
2024-04-11,night (22:00-06:00),12.98_77.56,12.98,77.56,2.1982453
2024-04-11,night (22:00-06:00),12.975_77.54,12.975,77.54,2.1712556
2024-04-11,night (22:00-06:00),12.97_77.71,12.97,77.71,2.1475804
2024-04-11,night (22:00-06:00),12.91_77.64,12.91,77.64,2.0743215
2024-04-11,night (22:00-06:00),12.98_77.555,12.98,77.555,2.0699904
2024-04-11,night (22:00-06:00),12.97_77.605,12.97,77.605,2.0495102
2024-04-11,night (22:00-06:00),13.035_77.625,13.035,77.625,1.9852425
2024-04-11,night (22:00-06:00),12.91_77.635,12.91,77.635,1.9830439
2024-04-11,night (22:00-06:00),12.96_77.51,12.96,77.51,1.9782126
2024-04-11,night (22:00-06:00),12.94_77.7,12.94,77.7,1.9694155
2024-04-11,night (22:00-06:00),12.95_77.54,12.95,77.54,1.9618996
2024-04-11,night (22:00-06:00),13.03_77.535,13.03,77.535,1.9527152
2024-04-11,night (22:00-06:00),12.975_77.61,12.975,77.61,1.9493601
2024-04-11,night (22:00-06:00),13.05_77.595,13.05,77.595,1.9232678
2024-04-11,night (22:00-06:00),12.97_77.59,12.97,77.59,1.9054674
2024-04-11,night (22:00-06:00),12.98_77.64,12.98,77.64,1.9045949
2024-04-11,night (22:00-06:00),12.875_77.595,12.875,77.595,1.8926978
2024-04-11,night (22:00-06:00),12.975_77.59,12.975,77.59,1.8883437
2024-04-11,night (22:00-06:00),12.985_77.575,12.985,77.575,1.8617724
2024-04-11,night (22:00-06:00),12.945_77.7,12.945,77.7,1.7921659
2024-04-11,night (22:00-06:00),12.97_77.545,12.97,77.545,1.7443573
2024-04-11,night (22:00-06:00),12.995_77.66,12.995,77.66,1.7336869
2024-04-11,night (22:00-06:00),12.935_77.585,12.935,77.585,1.6163436
2024-04-11,night (22:00-06:00),12.965_77.715,12.965,77.715,1.5150411
2024-04-11,night (22:00-06:00),12.915_77.605,12.915,77.605,1.1281205
2024-04-11,night (22:00-06:00),13.095_77.595,13.095,77.595,1.1171067
2024-04-11,night (22:00-06:00),12.915_77.635,12.915,77.635,0.73819846
